--------------------------------------------------------
-- Archivo creado  - miércoles-junio-05-2013   
--------------------------------------------------------
--------------------------------------------------------
--  DDL for Table ACTIVIDADES
--------------------------------------------------------

  CREATE TABLE "CAMPUS"."ACTIVIDADES" 
   (	"COD_ACTIVIDAD" NUMBER, 
	"COD_ASIGNATURA" NUMBER, 
	"NOMBRE" VARCHAR2(50 BYTE), 
	"FECHA_INICIO" DATE, 
	"FECHA_FIN" DATE, 
	"TEMA" NUMBER, 
	"ORDEN_VERTICAL" NUMBER, 
	"ORDEN_HORIZONTAL" NUMBER, 
	"VISIBLE" CHAR(1 BYTE)
   ) SEGMENT CREATION IMMEDIATE 
  PCTFREE 10 PCTUSED 40 INITRANS 1 MAXTRANS 255 NOCOMPRESS LOGGING
  STORAGE(INITIAL 65536 NEXT 1048576 MINEXTENTS 1 MAXEXTENTS 2147483645
  PCTINCREASE 0 FREELISTS 1 FREELIST GROUPS 1 BUFFER_POOL DEFAULT FLASH_CACHE DEFAULT CELL_FLASH_CACHE DEFAULT)
  TABLESPACE "TS_CAMPUS" ;
--------------------------------------------------------
--  DDL for Table ASIGNATURAS
--------------------------------------------------------

  CREATE TABLE "CAMPUS"."ASIGNATURAS" 
   (	"COD_ASIGNATURA" NUMBER, 
	"COD_TITULACION" NUMBER, 
	"AÑO" NUMBER, 
	"NOMBRE" VARCHAR2(30 BYTE), 
	"DESCRIPCION" VARCHAR2(200 BYTE), 
	"IDIOMA" NUMBER, 
	"CLAVE" VARCHAR2(12 BYTE)
   ) SEGMENT CREATION IMMEDIATE 
  PCTFREE 10 PCTUSED 40 INITRANS 1 MAXTRANS 255 NOCOMPRESS LOGGING
  STORAGE(INITIAL 65536 NEXT 1048576 MINEXTENTS 1 MAXEXTENTS 2147483645
  PCTINCREASE 0 FREELISTS 1 FREELIST GROUPS 1 BUFFER_POOL DEFAULT FLASH_CACHE DEFAULT CELL_FLASH_CACHE DEFAULT)
  TABLESPACE "TS_CAMPUS" ;
--------------------------------------------------------
--  DDL for Table CENTROS
--------------------------------------------------------

  CREATE TABLE "CAMPUS"."CENTROS" 
   (	"COD_CENTRO" NUMBER, 
	"NOMBRE" VARCHAR2(30 BYTE)
   ) SEGMENT CREATION IMMEDIATE 
  PCTFREE 10 PCTUSED 40 INITRANS 1 MAXTRANS 255 NOCOMPRESS LOGGING
  STORAGE(INITIAL 65536 NEXT 1048576 MINEXTENTS 1 MAXEXTENTS 2147483645
  PCTINCREASE 0 FREELISTS 1 FREELIST GROUPS 1 BUFFER_POOL DEFAULT FLASH_CACHE DEFAULT CELL_FLASH_CACHE DEFAULT)
  TABLESPACE "TS_CAMPUS" ;
--------------------------------------------------------
--  DDL for Table CONEXIONES
--------------------------------------------------------

  CREATE TABLE "CAMPUS"."CONEXIONES" 
   (	"SESIONID" NUMBER, 
	"USUARIO" VARCHAR2(50 BYTE), 
	"IP" VARCHAR2(20 BYTE), 
	"MAQUINA" VARCHAR2(50 BYTE), 
	"INICIO" DATE, 
	"FIN" DATE
   ) SEGMENT CREATION IMMEDIATE 
  PCTFREE 10 PCTUSED 40 INITRANS 1 MAXTRANS 255 NOCOMPRESS LOGGING
  STORAGE(INITIAL 65536 NEXT 1048576 MINEXTENTS 1 MAXEXTENTS 2147483645
  PCTINCREASE 0 FREELISTS 1 FREELIST GROUPS 1 BUFFER_POOL DEFAULT FLASH_CACHE DEFAULT CELL_FLASH_CACHE DEFAULT)
  TABLESPACE "TS_CAMPUS" ;
--------------------------------------------------------
--  DDL for Table CONFIGURACIONES
--------------------------------------------------------

  CREATE TABLE "CAMPUS"."CONFIGURACIONES" 
   (	"COD_CONFIGURACIÓN" NUMBER, 
	"COD_USUARIO" NUMBER, 
	"EMAIL_MOSTRAR" NUMBER, 
	"EMAIL_ACTIVADO" NUMBER, 
	"EMAIL_FORMATO" NUMBER, 
	"EMAIL_RESUMEN" NUMBER, 
	"FORO_SUSCRIPCION" NUMBER, 
	"FORO_SEGUIMIENTO" NUMBER, 
	"EDITOR_TEXTO" NUMBER, 
	"JAVASCRIPT" NUMBER, 
	"LECTOR_PANTALLA" NUMBER, 
	"ZONA_HORARIA" NUMBER, 
	"IDIOMA" NUMBER, 
	"MOSTRAR_FOTO" NUMBER
   ) SEGMENT CREATION IMMEDIATE 
  PCTFREE 10 PCTUSED 40 INITRANS 1 MAXTRANS 255 NOCOMPRESS LOGGING
  STORAGE(INITIAL 65536 NEXT 1048576 MINEXTENTS 1 MAXEXTENTS 2147483645
  PCTINCREASE 0 FREELISTS 1 FREELIST GROUPS 1 BUFFER_POOL DEFAULT FLASH_CACHE DEFAULT CELL_FLASH_CACHE DEFAULT)
  TABLESPACE "TS_CAMPUS" ;
--------------------------------------------------------
--  DDL for Table CONTENIDOS
--------------------------------------------------------

  CREATE TABLE "CAMPUS"."CONTENIDOS" 
   (	"COD_ASIGNATURA" NUMBER, 
	"COD_ENTRADA" NUMBER, 
	"COD_TIPO" NUMBER, 
	"NOMBRE" VARCHAR2(50 BYTE), 
	"ENLACE" VARCHAR2(256 BYTE), 
	"DESCRIPCION" VARCHAR2(200 BYTE), 
	"TEMA" NUMBER, 
	"ORDEN_VERTICAL" NUMBER, 
	"ORDEN_HORIZONTAL" NUMBER, 
	"VISIBLE" CHAR(1 BYTE)
   ) SEGMENT CREATION IMMEDIATE 
  PCTFREE 10 PCTUSED 40 INITRANS 1 MAXTRANS 255 NOCOMPRESS LOGGING
  STORAGE(INITIAL 65536 NEXT 1048576 MINEXTENTS 1 MAXEXTENTS 2147483645
  PCTINCREASE 0 FREELISTS 1 FREELIST GROUPS 1 BUFFER_POOL DEFAULT FLASH_CACHE DEFAULT CELL_FLASH_CACHE DEFAULT)
  TABLESPACE "TS_CAMPUS" ;
--------------------------------------------------------
--  DDL for Table CUESTIONARIOS
--------------------------------------------------------

  CREATE TABLE "CAMPUS"."CUESTIONARIOS" 
   (	"DESCRIPCION" VARCHAR2(200 BYTE), 
	"ACTIVIDADES_COD_ACTIVIDAD" NUMBER, 
	"ACTIVIDADES_COD_ASIGNATURA" NUMBER
   ) SEGMENT CREATION IMMEDIATE 
  PCTFREE 10 PCTUSED 40 INITRANS 1 MAXTRANS 255 NOCOMPRESS LOGGING
  STORAGE(INITIAL 65536 NEXT 1048576 MINEXTENTS 1 MAXEXTENTS 2147483645
  PCTINCREASE 0 FREELISTS 1 FREELIST GROUPS 1 BUFFER_POOL DEFAULT FLASH_CACHE DEFAULT CELL_FLASH_CACHE DEFAULT)
  TABLESPACE "TS_CAMPUS" ;
--------------------------------------------------------
--  DDL for Table DIARIOS
--------------------------------------------------------

  CREATE TABLE "CAMPUS"."DIARIOS" 
   (	"CONTENIDO" CLOB, 
	"ACTIVIDADES_COD_ACTIVIDAD" NUMBER, 
	"ACTIVIDADES_COD_ASIGNATURA" NUMBER
   ) SEGMENT CREATION IMMEDIATE 
  PCTFREE 10 PCTUSED 40 INITRANS 1 MAXTRANS 255 NOCOMPRESS LOGGING
  STORAGE(INITIAL 65536 NEXT 1048576 MINEXTENTS 1 MAXEXTENTS 2147483645
  PCTINCREASE 0 FREELISTS 1 FREELIST GROUPS 1 BUFFER_POOL DEFAULT FLASH_CACHE DEFAULT CELL_FLASH_CACHE DEFAULT)
  TABLESPACE "TS_CAMPUS" 
 LOB ("CONTENIDO") STORE AS BASICFILE (
  TABLESPACE "TS_CAMPUS" ENABLE STORAGE IN ROW CHUNK 8192 RETENTION 
  NOCACHE LOGGING 
  STORAGE(INITIAL 65536 NEXT 1048576 MINEXTENTS 1 MAXEXTENTS 2147483645
  PCTINCREASE 0 FREELISTS 1 FREELIST GROUPS 1 BUFFER_POOL DEFAULT FLASH_CACHE DEFAULT CELL_FLASH_CACHE DEFAULT)) ;
--------------------------------------------------------
--  DDL for Table DOCUMENTOS
--------------------------------------------------------

  CREATE TABLE "CAMPUS"."DOCUMENTOS" 
   (	"COD_DOC" NUMBER, 
	"COD_USUARIO" NUMBER, 
	"DIRECTORIO" VARCHAR2(256 BYTE), 
	"NOMBRE" VARCHAR2(30 BYTE), 
	"TAMAÑO" NUMBER, 
	"FECHA_CREADO" TIMESTAMP (6) WITH LOCAL TIME ZONE, 
	"FECHA_MODIFICADO" TIMESTAMP (6) WITH LOCAL TIME ZONE
   ) SEGMENT CREATION IMMEDIATE 
  PCTFREE 10 PCTUSED 40 INITRANS 1 MAXTRANS 255 NOCOMPRESS LOGGING
  STORAGE(INITIAL 65536 NEXT 1048576 MINEXTENTS 1 MAXEXTENTS 2147483645
  PCTINCREASE 0 FREELISTS 1 FREELIST GROUPS 1 BUFFER_POOL DEFAULT FLASH_CACHE DEFAULT CELL_FLASH_CACHE DEFAULT)
  TABLESPACE "TS_CAMPUS" ;
--------------------------------------------------------
--  DDL for Table ENTREGAS
--------------------------------------------------------

  CREATE TABLE "CAMPUS"."ENTREGAS" 
   (	"COD_ASIGNATURA" NUMBER, 
	"COD_ACTIVIDAD" NUMBER, 
	"COD_USUARIO" NUMBER, 
	"ENTREGA" VARCHAR2(256 BYTE), 
	"FECHA_ENTREGA" DATE, 
	"NOTA" NUMBER
   ) SEGMENT CREATION IMMEDIATE 
  PCTFREE 10 PCTUSED 40 INITRANS 1 MAXTRANS 255 NOCOMPRESS LOGGING
  STORAGE(INITIAL 65536 NEXT 1048576 MINEXTENTS 1 MAXEXTENTS 2147483645
  PCTINCREASE 0 FREELISTS 1 FREELIST GROUPS 1 BUFFER_POOL DEFAULT FLASH_CACHE DEFAULT CELL_FLASH_CACHE DEFAULT)
  TABLESPACE "TS_CAMPUS" ;
--------------------------------------------------------
--  DDL for Table FOROS
--------------------------------------------------------

  CREATE TABLE "CAMPUS"."FOROS" 
   (	"TITULO" VARCHAR2(50 BYTE), 
	"VISIBILIDAD_FORO" NUMBER, 
	"ACTIVIDADES_COD_ACTIVIDAD" NUMBER, 
	"ACTIVIDADES_COD_ASIGNATURA" NUMBER
   ) SEGMENT CREATION IMMEDIATE 
  PCTFREE 10 PCTUSED 40 INITRANS 1 MAXTRANS 255 NOCOMPRESS LOGGING
  STORAGE(INITIAL 65536 NEXT 1048576 MINEXTENTS 1 MAXEXTENTS 2147483645
  PCTINCREASE 0 FREELISTS 1 FREELIST GROUPS 1 BUFFER_POOL DEFAULT FLASH_CACHE DEFAULT CELL_FLASH_CACHE DEFAULT)
  TABLESPACE "TS_CAMPUS" ;
--------------------------------------------------------
--  DDL for Table GRUPOS
--------------------------------------------------------

  CREATE TABLE "CAMPUS"."GRUPOS" 
   (	"COD_GRUPO" NUMBER, 
	"NOMBRE" VARCHAR2(20 BYTE), 
	"DESCRIPCION" VARCHAR2(200 BYTE), 
	"IMAGEN" BLOB
   ) SEGMENT CREATION IMMEDIATE 
  PCTFREE 10 PCTUSED 40 INITRANS 1 MAXTRANS 255 NOCOMPRESS LOGGING
  STORAGE(INITIAL 65536 NEXT 1048576 MINEXTENTS 1 MAXEXTENTS 2147483645
  PCTINCREASE 0 FREELISTS 1 FREELIST GROUPS 1 BUFFER_POOL DEFAULT FLASH_CACHE DEFAULT CELL_FLASH_CACHE DEFAULT)
  TABLESPACE "TS_CAMPUS" 
 LOB ("IMAGEN") STORE AS BASICFILE (
  TABLESPACE "TS_CAMPUS" ENABLE STORAGE IN ROW CHUNK 8192 RETENTION 
  NOCACHE LOGGING 
  STORAGE(INITIAL 65536 NEXT 1048576 MINEXTENTS 1 MAXEXTENTS 2147483645
  PCTINCREASE 0 FREELISTS 1 FREELIST GROUPS 1 BUFFER_POOL DEFAULT FLASH_CACHE DEFAULT CELL_FLASH_CACHE DEFAULT)) ;
--------------------------------------------------------
--  DDL for Table MATRICULA
--------------------------------------------------------

  CREATE TABLE "CAMPUS"."MATRICULA" 
   (	"COD_USUARIO" NUMBER, 
	"COD_GRUPO" NUMBER, 
	"COD_ASIGNATURA" NUMBER, 
	"NOTA" NUMBER, 
	"CALIFICACION" VARCHAR2(20 BYTE)
   ) SEGMENT CREATION IMMEDIATE 
  PCTFREE 10 PCTUSED 40 INITRANS 1 MAXTRANS 255 NOCOMPRESS LOGGING
  STORAGE(INITIAL 65536 NEXT 1048576 MINEXTENTS 1 MAXEXTENTS 2147483645
  PCTINCREASE 0 FREELISTS 1 FREELIST GROUPS 1 BUFFER_POOL DEFAULT FLASH_CACHE DEFAULT CELL_FLASH_CACHE DEFAULT)
  TABLESPACE "TS_CAMPUS" ;
--------------------------------------------------------
--  DDL for Table MENSAJES
--------------------------------------------------------

  CREATE TABLE "CAMPUS"."MENSAJES" 
   (	"COD_MENSAJE" NUMBER, 
	"COD_ASIGNATURA" NUMBER, 
	"COD_ACTIVIDAD" NUMBER, 
	"COD_USUARIO" NUMBER, 
	"FECHA" TIMESTAMP (6) WITH LOCAL TIME ZONE, 
	"TITULO" VARCHAR2(30 BYTE), 
	"CONTENIDO" VARCHAR2(1000 BYTE), 
	"COD_MENSAJE1" NUMBER
   ) SEGMENT CREATION IMMEDIATE 
  PCTFREE 10 PCTUSED 40 INITRANS 1 MAXTRANS 255 NOCOMPRESS LOGGING
  STORAGE(INITIAL 65536 NEXT 1048576 MINEXTENTS 1 MAXEXTENTS 2147483645
  PCTINCREASE 0 FREELISTS 1 FREELIST GROUPS 1 BUFFER_POOL DEFAULT FLASH_CACHE DEFAULT CELL_FLASH_CACHE DEFAULT)
  TABLESPACE "TS_CAMPUS" ;
--------------------------------------------------------
--  DDL for Table PREGUNTAS
--------------------------------------------------------

  CREATE TABLE "CAMPUS"."PREGUNTAS" 
   (	"COD_PREGUNTA" NUMBER, 
	"COD_ASIGNATURA" NUMBER, 
	"COD_ACTIVIDAD" NUMBER, 
	"TEXTO" VARCHAR2(200 BYTE)
   ) SEGMENT CREATION IMMEDIATE 
  PCTFREE 10 PCTUSED 40 INITRANS 1 MAXTRANS 255 NOCOMPRESS LOGGING
  STORAGE(INITIAL 65536 NEXT 1048576 MINEXTENTS 1 MAXEXTENTS 2147483645
  PCTINCREASE 0 FREELISTS 1 FREELIST GROUPS 1 BUFFER_POOL DEFAULT FLASH_CACHE DEFAULT CELL_FLASH_CACHE DEFAULT)
  TABLESPACE "TS_CAMPUS" ;
--------------------------------------------------------
--  DDL for Table REGISTROS
--------------------------------------------------------

  CREATE TABLE "CAMPUS"."REGISTROS" 
   (	"COD_REGISTRO" NUMBER, 
	"COD_USUARIO" NUMBER, 
	"COD_ASIGNATURA" NUMBER, 
	"COD_ACTIVIDAD" NUMBER, 
	"ACCION" VARCHAR2(20 BYTE), 
	"FECHA" TIMESTAMP (6) WITH LOCAL TIME ZONE
   ) SEGMENT CREATION IMMEDIATE 
  PCTFREE 10 PCTUSED 40 INITRANS 1 MAXTRANS 255 NOCOMPRESS LOGGING
  STORAGE(INITIAL 65536 NEXT 1048576 MINEXTENTS 1 MAXEXTENTS 2147483645
  PCTINCREASE 0 FREELISTS 1 FREELIST GROUPS 1 BUFFER_POOL DEFAULT FLASH_CACHE DEFAULT CELL_FLASH_CACHE DEFAULT)
  TABLESPACE "TS_CAMPUS" ;
--------------------------------------------------------
--  DDL for Table RESPUESTA
--------------------------------------------------------

  CREATE TABLE "CAMPUS"."RESPUESTA" 
   (	"COD_USUARIO" NUMBER, 
	"COD_PREGUNTA" NUMBER, 
	"RESPUESTA" VARCHAR2(100 BYTE), 
	"NOTA" NUMBER(2,0)
   ) SEGMENT CREATION IMMEDIATE 
  PCTFREE 10 PCTUSED 40 INITRANS 1 MAXTRANS 255 NOCOMPRESS LOGGING
  STORAGE(INITIAL 65536 NEXT 1048576 MINEXTENTS 1 MAXEXTENTS 2147483645
  PCTINCREASE 0 FREELISTS 1 FREELIST GROUPS 1 BUFFER_POOL DEFAULT FLASH_CACHE DEFAULT CELL_FLASH_CACHE DEFAULT)
  TABLESPACE "TS_CAMPUS" ;
--------------------------------------------------------
--  DDL for Table ROLES
--------------------------------------------------------

  CREATE TABLE "CAMPUS"."ROLES" 
   (	"COD_ROL" NUMBER, 
	"NOMBRE" VARCHAR2(30 BYTE), 
	"DESCRIPCIÓN" VARCHAR2(200 BYTE)
   ) SEGMENT CREATION IMMEDIATE 
  PCTFREE 10 PCTUSED 40 INITRANS 1 MAXTRANS 255 NOCOMPRESS LOGGING
  STORAGE(INITIAL 65536 NEXT 1048576 MINEXTENTS 1 MAXEXTENTS 2147483645
  PCTINCREASE 0 FREELISTS 1 FREELIST GROUPS 1 BUFFER_POOL DEFAULT FLASH_CACHE DEFAULT CELL_FLASH_CACHE DEFAULT)
  TABLESPACE "TS_CAMPUS" ;
--------------------------------------------------------
--  DDL for Table ROLES_USUARIOS
--------------------------------------------------------

  CREATE TABLE "CAMPUS"."ROLES_USUARIOS" 
   (	"ROLES_COD_ROL" NUMBER, 
	"USUARIOS_COD_USUARIO" NUMBER
   ) SEGMENT CREATION IMMEDIATE 
  PCTFREE 10 PCTUSED 40 INITRANS 1 MAXTRANS 255 NOCOMPRESS LOGGING
  STORAGE(INITIAL 65536 NEXT 1048576 MINEXTENTS 1 MAXEXTENTS 2147483645
  PCTINCREASE 0 FREELISTS 1 FREELIST GROUPS 1 BUFFER_POOL DEFAULT FLASH_CACHE DEFAULT CELL_FLASH_CACHE DEFAULT)
  TABLESPACE "TS_CAMPUS" ;
--------------------------------------------------------
--  DDL for Table TAREAS
--------------------------------------------------------

  CREATE TABLE "CAMPUS"."TAREAS" 
   (	"DESCRIPCION" VARCHAR2(200 BYTE), 
	"IMPEDIR_ENVIOS_RETRASADOS" CHAR(1 BYTE), 
	"REENVIO_DESP_CALIF" CHAR(1 BYTE), 
	"ALERTA_EMAIL_PROF" CHAR(1 BYTE), 
	"TAMAÑO_MAX" NUMBER, 
	"ACTIVIDADES_COD_ACTIVIDAD" NUMBER, 
	"ACTIVIDADES_COD_ASIGNATURA" NUMBER
   ) SEGMENT CREATION IMMEDIATE 
  PCTFREE 10 PCTUSED 40 INITRANS 1 MAXTRANS 255 NOCOMPRESS LOGGING
  STORAGE(INITIAL 65536 NEXT 1048576 MINEXTENTS 1 MAXEXTENTS 2147483645
  PCTINCREASE 0 FREELISTS 1 FREELIST GROUPS 1 BUFFER_POOL DEFAULT FLASH_CACHE DEFAULT CELL_FLASH_CACHE DEFAULT)
  TABLESPACE "TS_CAMPUS" ;
--------------------------------------------------------
--  DDL for Table TIPOS_CONTENIDOS
--------------------------------------------------------

  CREATE TABLE "CAMPUS"."TIPOS_CONTENIDOS" 
   (	"COD_TIPO" NUMBER, 
	"NOMBRE" VARCHAR2(20 BYTE)
   ) SEGMENT CREATION IMMEDIATE 
  PCTFREE 10 PCTUSED 40 INITRANS 1 MAXTRANS 255 NOCOMPRESS LOGGING
  STORAGE(INITIAL 65536 NEXT 1048576 MINEXTENTS 1 MAXEXTENTS 2147483645
  PCTINCREASE 0 FREELISTS 1 FREELIST GROUPS 1 BUFFER_POOL DEFAULT FLASH_CACHE DEFAULT CELL_FLASH_CACHE DEFAULT)
  TABLESPACE "TS_CAMPUS" ;
--------------------------------------------------------
--  DDL for Table TITULACIONES
--------------------------------------------------------

  CREATE TABLE "CAMPUS"."TITULACIONES" 
   (	"COD_TITULACION" NUMBER, 
	"COD_CENTRO" NUMBER, 
	"NOMBRE" VARCHAR2(30 BYTE), 
	"AÑO" NUMBER
   ) SEGMENT CREATION IMMEDIATE 
  PCTFREE 10 PCTUSED 40 INITRANS 1 MAXTRANS 255 NOCOMPRESS LOGGING
  STORAGE(INITIAL 65536 NEXT 1048576 MINEXTENTS 1 MAXEXTENTS 2147483645
  PCTINCREASE 0 FREELISTS 1 FREELIST GROUPS 1 BUFFER_POOL DEFAULT FLASH_CACHE DEFAULT CELL_FLASH_CACHE DEFAULT)
  TABLESPACE "TS_CAMPUS" ;
--------------------------------------------------------
--  DDL for Table T_PERMISOS
--------------------------------------------------------

  CREATE TABLE "CAMPUS"."T_PERMISOS" 
   (	"USUARIO" VARCHAR2(30 BYTE), 
	"OBJETO" VARCHAR2(30 BYTE), 
	"FECHA" DATE, 
	"PERMISO" VARCHAR2(30 BYTE), 
	"ACTIVO" NUMBER(1,0)
   ) SEGMENT CREATION IMMEDIATE 
  PCTFREE 10 PCTUSED 40 INITRANS 1 MAXTRANS 255 NOCOMPRESS LOGGING
  STORAGE(INITIAL 65536 NEXT 1048576 MINEXTENTS 1 MAXEXTENTS 2147483645
  PCTINCREASE 0 FREELISTS 1 FREELIST GROUPS 1 BUFFER_POOL DEFAULT FLASH_CACHE DEFAULT CELL_FLASH_CACHE DEFAULT)
  TABLESPACE "TS_CAMPUS" ;
--------------------------------------------------------
--  DDL for Table USUARIOS
--------------------------------------------------------

  CREATE TABLE "CAMPUS"."USUARIOS" 
   (	"COD_USUARIO" NUMBER, 
	"DNI" CHAR(9 BYTE), 
	"NOMBRE" VARCHAR2(30 BYTE), 
	"APELLIDOS" VARCHAR2(30 BYTE), 
	"CIUDAD" VARCHAR2(30 BYTE), 
	"PAIS" VARCHAR2(30 BYTE), 
	"EMAIL" VARCHAR2(50 BYTE), 
	"DESCRIPCION" VARCHAR2(200 BYTE), 
	"IMAGEN" BLOB, 
	"DESC_IMAGEN" VARCHAR2(200 BYTE), 
	"INTERESES" VARCHAR2(200 BYTE), 
	"USUARIO_ORACLE" VARCHAR2(20 BYTE), 
	"CLAVE_ORACLE" VARCHAR2(20 BYTE)
   ) SEGMENT CREATION IMMEDIATE 
  PCTFREE 10 PCTUSED 40 INITRANS 1 MAXTRANS 255 NOCOMPRESS LOGGING
  STORAGE(INITIAL 65536 NEXT 1048576 MINEXTENTS 1 MAXEXTENTS 2147483645
  PCTINCREASE 0 FREELISTS 1 FREELIST GROUPS 1 BUFFER_POOL DEFAULT FLASH_CACHE DEFAULT CELL_FLASH_CACHE DEFAULT)
  TABLESPACE "TS_CAMPUS" 
 LOB ("IMAGEN") STORE AS BASICFILE (
  TABLESPACE "TS_CAMPUS" ENABLE STORAGE IN ROW CHUNK 8192 RETENTION 
  NOCACHE LOGGING 
  STORAGE(INITIAL 65536 NEXT 1048576 MINEXTENTS 1 MAXEXTENTS 2147483645
  PCTINCREASE 0 FREELISTS 1 FREELIST GROUPS 1 BUFFER_POOL DEFAULT FLASH_CACHE DEFAULT CELL_FLASH_CACHE DEFAULT)) ;
--------------------------------------------------------
--  DDL for View DATOS_PERSONALES
--------------------------------------------------------

  CREATE OR REPLACE FORCE VIEW "CAMPUS"."DATOS_PERSONALES" ("COD_USUARIO", "DNI", "NOMBRE", "APELLIDOS", "CIUDAD", "PAIS", "EMAIL", "DESCRIPCION", "IMAGEN", "DESC_IMAGEN", "INTERESES", "USUARIO_ORACLE") AS 
  (SELECT U.COD_USUARIO,U.DNI,U.NOMBRE,
   U.APELLIDOS,U.CIUDAD,U.PAIS,U.EMAIL,U.DESCRIPCION,U.IMAGEN,U.DESC_IMAGEN,U.INTERESES,U.USUARIO_ORACLE
   FROM CAMPUS.MATRICULA M, CAMPUS.USUARIOS U, CAMPUS.ASIGNATURAS ASI, CAMPUS.TITULACIONES T 
   WHERE M.COD_ASIGNATURA = ASI.COD_ASIGNATURA AND M.COD_USUARIO = U.COD_USUARIO 
   AND ASI.COD_TITULACION = T.COD_TITULACION AND U.USUARIO_ORACLE LIKE USER);
--------------------------------------------------------
--  DDL for View VADMIN
--------------------------------------------------------

  CREATE OR REPLACE FORCE VIEW "CAMPUS"."VADMIN" ("NOTA", "CALIFICACION", "ASIGNTURA", "AÑO", "DNI", "NOMBRE", "APELLIDOS", "CIUDAD", "PAIS", "EMAIL", "DESCRIPCION", "IMAGEN", "DESC_IMAGEN", "INTERESES") AS 
  select M.NOTA, M.CALIFICACION, ASG.NOMBRE Asigntura, ASG.AÑO, U.DNI, U.NOMBRE, U.APELLIDOS, U.CIUDAD, U.PAIS, U.EMAIL, U.DESCRIPCION, U.IMAGEN, U.DESC_IMAGEN, U.INTERESES
	from (MATRICULA M JOIN ASIGNATURAS ASG ON (M.COD_ASIGNATURA = ASG.COD_ASIGNATURA))
      	JOIN USUARIOS U ON (M.COD_USUARIO = U.COD_USUARIO);
--------------------------------------------------------
--  DDL for View V_PERMISOS
--------------------------------------------------------

  CREATE OR REPLACE FORCE VIEW "CAMPUS"."V_PERMISOS" ("USUARIO", "OBJETO", "FECHA", "PERMISO", "ACTIVO") AS 
  SELECT USUARIO,OBJETO,FECHA,PERMISO,ACTIVO FROM T_PERMISOS;
--------------------------------------------------------
--  DDL for View V_RESULTADO
--------------------------------------------------------

  CREATE OR REPLACE FORCE VIEW "CAMPUS"."V_RESULTADO" ("USUARIO", "OBJETO", "FECHA", "PERMISO", "ACTIVO") AS 
  SELECT USUARIO,OBJETO,FECHA,PERMISO,ACTIVO FROM T_PERMISOS;
REM INSERTING into CAMPUS.ACTIVIDADES
SET DEFINE OFF;
Insert into CAMPUS.ACTIVIDADES (COD_ACTIVIDAD,COD_ASIGNATURA,NOMBRE,FECHA_INICIO,FECHA_FIN,TEMA,ORDEN_VERTICAL,ORDEN_HORIZONTAL,VISIBLE) values ('12','2','Entrega Videojuego simple',to_date('28/04/13','DD/MM/RR'),to_date('03/05/13','DD/MM/RR'),'2','2','1','0');
Insert into CAMPUS.ACTIVIDADES (COD_ACTIVIDAD,COD_ASIGNATURA,NOMBRE,FECHA_INICIO,FECHA_FIN,TEMA,ORDEN_VERTICAL,ORDEN_HORIZONTAL,VISIBLE) values ('13','1','Diario nivel físico',to_date('25/02/13','DD/MM/RR'),null,'4','1','1','1');
Insert into CAMPUS.ACTIVIDADES (COD_ACTIVIDAD,COD_ASIGNATURA,NOMBRE,FECHA_INICIO,FECHA_FIN,TEMA,ORDEN_VERTICAL,ORDEN_HORIZONTAL,VISIBLE) values ('14','4','Nivel sintáctico',to_date('15/11/12','DD/MM/RR'),to_date('15/11/12','DD/MM/RR'),'3','1','1','0');
Insert into CAMPUS.ACTIVIDADES (COD_ACTIVIDAD,COD_ASIGNATURA,NOMBRE,FECHA_INICIO,FECHA_FIN,TEMA,ORDEN_VERTICAL,ORDEN_HORIZONTAL,VISIBLE) values ('16','2','Noticias interesantes',to_date('17/02/12','DD/MM/RR'),null,'0','1','1','1');
Insert into CAMPUS.ACTIVIDADES (COD_ACTIVIDAD,COD_ASIGNATURA,NOMBRE,FECHA_INICIO,FECHA_FIN,TEMA,ORDEN_VERTICAL,ORDEN_HORIZONTAL,VISIBLE) values ('2','2','Introducción a Java3D',to_date('01/10/12','DD/MM/RR'),null,'0','3','1','1');
Insert into CAMPUS.ACTIVIDADES (COD_ACTIVIDAD,COD_ASIGNATURA,NOMBRE,FECHA_INICIO,FECHA_FIN,TEMA,ORDEN_VERTICAL,ORDEN_HORIZONTAL,VISIBLE) values ('51','2','Presentación prototipo de videojuego',to_date('28/04/13','DD/MM/RR'),to_date('30/04/13','DD/MM/RR'),'2','2','1','1');
Insert into CAMPUS.ACTIVIDADES (COD_ACTIVIDAD,COD_ASIGNATURA,NOMBRE,FECHA_INICIO,FECHA_FIN,TEMA,ORDEN_VERTICAL,ORDEN_HORIZONTAL,VISIBLE) values ('52','2','Teste de prueba',to_date('01/05/13','DD/MM/RR'),to_date('01/05/13','DD/MM/RR'),'2','3','1','0');
Insert into CAMPUS.ACTIVIDADES (COD_ACTIVIDAD,COD_ASIGNATURA,NOMBRE,FECHA_INICIO,FECHA_FIN,TEMA,ORDEN_VERTICAL,ORDEN_HORIZONTAL,VISIBLE) values ('61','6','Entrega practica 3',to_date('12/04/13','DD/MM/RR'),to_date('21/04/13','DD/MM/RR'),'33','1','1','1');
Insert into CAMPUS.ACTIVIDADES (COD_ACTIVIDAD,COD_ASIGNATURA,NOMBRE,FECHA_INICIO,FECHA_FIN,TEMA,ORDEN_VERTICAL,ORDEN_HORIZONTAL,VISIBLE) values ('333','3','Ecuaciones diferenciales',to_date('12/12/12','DD/MM/RR'),to_date('12/01/13','DD/MM/RR'),'3','3','3','1');
Insert into CAMPUS.ACTIVIDADES (COD_ACTIVIDAD,COD_ASIGNATURA,NOMBRE,FECHA_INICIO,FECHA_FIN,TEMA,ORDEN_VERTICAL,ORDEN_HORIZONTAL,VISIBLE) values ('666','2','Entrega Videojuego2d',to_date('26/04/13','DD/MM/RR'),to_date('03/05/13','DD/MM/RR'),'1','1','1','1');
Insert into CAMPUS.ACTIVIDADES (COD_ACTIVIDAD,COD_ASIGNATURA,NOMBRE,FECHA_INICIO,FECHA_FIN,TEMA,ORDEN_VERTICAL,ORDEN_HORIZONTAL,VISIBLE) values ('1234567','2','Presentacion Juego',to_date('29/04/13','DD/MM/RR'),to_date('29/04/13','DD/MM/RR'),'3','1','1','1');
Insert into CAMPUS.ACTIVIDADES (COD_ACTIVIDAD,COD_ASIGNATURA,NOMBRE,FECHA_INICIO,FECHA_FIN,TEMA,ORDEN_VERTICAL,ORDEN_HORIZONTAL,VISIBLE) values ('6','1','Cita tutorias',to_date('24/04/13','DD/MM/RR'),null,'2','1','2','1');
Insert into CAMPUS.ACTIVIDADES (COD_ACTIVIDAD,COD_ASIGNATURA,NOMBRE,FECHA_INICIO,FECHA_FIN,TEMA,ORDEN_VERTICAL,ORDEN_HORIZONTAL,VISIBLE) values ('9','1','Foro de noticias y novedades',to_date('01/03/13','DD/MM/RR'),null,'1','1','1','1');
Insert into CAMPUS.ACTIVIDADES (COD_ACTIVIDAD,COD_ASIGNATURA,NOMBRE,FECHA_INICIO,FECHA_FIN,TEMA,ORDEN_VERTICAL,ORDEN_HORIZONTAL,VISIBLE) values ('11','1','Diario de practicas PL/SQL',to_date('15/04/13','DD/MM/RR'),null,'2','1','1','1');
Insert into CAMPUS.ACTIVIDADES (COD_ACTIVIDAD,COD_ASIGNATURA,NOMBRE,FECHA_INICIO,FECHA_FIN,TEMA,ORDEN_VERTICAL,ORDEN_HORIZONTAL,VISIBLE) values ('100','2','Subir examen Final',to_date('12/02/13','DD/MM/RR'),to_date('12/02/13','DD/MM/RR'),'1','1','1','1');
Insert into CAMPUS.ACTIVIDADES (COD_ACTIVIDAD,COD_ASIGNATURA,NOMBRE,FECHA_INICIO,FECHA_FIN,TEMA,ORDEN_VERTICAL,ORDEN_HORIZONTAL,VISIBLE) values ('27','6','Nivel de satisfacción de los asistentes
',to_date('20/04/13','DD/MM/RR'),to_date('27/04/13','DD/MM/RR'),'2','1','1','1');
Insert into CAMPUS.ACTIVIDADES (COD_ACTIVIDAD,COD_ASIGNATURA,NOMBRE,FECHA_INICIO,FECHA_FIN,TEMA,ORDEN_VERTICAL,ORDEN_HORIZONTAL,VISIBLE) values ('345','1','Entrega presentacion ppt',to_date('26/04/13','DD/MM/RR'),null,'1','1','1','1');
Insert into CAMPUS.ACTIVIDADES (COD_ACTIVIDAD,COD_ASIGNATURA,NOMBRE,FECHA_INICIO,FECHA_FIN,TEMA,ORDEN_VERTICAL,ORDEN_HORIZONTAL,VISIBLE) values ('4','1','Diario para la práctica de trigger',to_date('09/04/13','DD/MM/RR'),null,'3','1','6','1');
Insert into CAMPUS.ACTIVIDADES (COD_ACTIVIDAD,COD_ASIGNATURA,NOMBRE,FECHA_INICIO,FECHA_FIN,TEMA,ORDEN_VERTICAL,ORDEN_HORIZONTAL,VISIBLE) values ('5','1','Diario Genérico',to_date('22/04/13','DD/MM/RR'),null,'1','1','1','0');
Insert into CAMPUS.ACTIVIDADES (COD_ACTIVIDAD,COD_ASIGNATURA,NOMBRE,FECHA_INICIO,FECHA_FIN,TEMA,ORDEN_VERTICAL,ORDEN_HORIZONTAL,VISIBLE) values ('22','4','Compilador Oracle SQL',to_date('15/11/12','DD/MM/RR'),to_date('06/01/13','DD/MM/RR'),'4','1','2','1');
Insert into CAMPUS.ACTIVIDADES (COD_ACTIVIDAD,COD_ASIGNATURA,NOMBRE,FECHA_INICIO,FECHA_FIN,TEMA,ORDEN_VERTICAL,ORDEN_HORIZONTAL,VISIBLE) values ('24','4','Examen expresiones regulares',to_date('03/12/12','DD/MM/RR'),to_date('03/12/12','DD/MM/RR'),'2','1','2','1');
Insert into CAMPUS.ACTIVIDADES (COD_ACTIVIDAD,COD_ASIGNATURA,NOMBRE,FECHA_INICIO,FECHA_FIN,TEMA,ORDEN_VERTICAL,ORDEN_HORIZONTAL,VISIBLE) values ('25','4','Diario del examen final',to_date('02/02/13','DD/MM/RR'),to_date('08/02/13','DD/MM/RR'),'0','22','1','0');
Insert into CAMPUS.ACTIVIDADES (COD_ACTIVIDAD,COD_ASIGNATURA,NOMBRE,FECHA_INICIO,FECHA_FIN,TEMA,ORDEN_VERTICAL,ORDEN_HORIZONTAL,VISIBLE) values ('26','4','Entrega practica 1',to_date('12/12/12','DD/MM/RR'),to_date('19/12/12','DD/MM/RR'),'1','2','2','1');
Insert into CAMPUS.ACTIVIDADES (COD_ACTIVIDAD,COD_ASIGNATURA,NOMBRE,FECHA_INICIO,FECHA_FIN,TEMA,ORDEN_VERTICAL,ORDEN_HORIZONTAL,VISIBLE) values ('27','4','Foro procesadores de lenguajes',to_date('01/01/12','DD/MM/RR'),to_date('06/06/13','DD/MM/RR'),'0','1','1','1');
Insert into CAMPUS.ACTIVIDADES (COD_ACTIVIDAD,COD_ASIGNATURA,NOMBRE,FECHA_INICIO,FECHA_FIN,TEMA,ORDEN_VERTICAL,ORDEN_HORIZONTAL,VISIBLE) values ('50','3','Entrega ejercicios Tema 2',to_date('26/04/13','DD/MM/RR'),to_date('13/05/13','DD/MM/RR'),'2','2','1','0');
Insert into CAMPUS.ACTIVIDADES (COD_ACTIVIDAD,COD_ASIGNATURA,NOMBRE,FECHA_INICIO,FECHA_FIN,TEMA,ORDEN_VERTICAL,ORDEN_HORIZONTAL,VISIBLE) values ('31','4','Examen parcial PL',to_date('01/02/13','DD/MM/RR'),to_date('01/02/13','DD/MM/RR'),'0','1','1','1');
Insert into CAMPUS.ACTIVIDADES (COD_ACTIVIDAD,COD_ASIGNATURA,NOMBRE,FECHA_INICIO,FECHA_FIN,TEMA,ORDEN_VERTICAL,ORDEN_HORIZONTAL,VISIBLE) values ('252','2','Entrega practica 5',to_date('26/04/13','DD/MM/RR'),to_date('05/05/13','DD/MM/RR'),'5','2','1','1');
Insert into CAMPUS.ACTIVIDADES (COD_ACTIVIDAD,COD_ASIGNATURA,NOMBRE,FECHA_INICIO,FECHA_FIN,TEMA,ORDEN_VERTICAL,ORDEN_HORIZONTAL,VISIBLE) values ('69','2','Plan de Destruccion Mundial',to_date('21/12/12','DD/MM/RR'),to_date('29/04/13','DD/MM/RR'),'4','1','1','0');
Insert into CAMPUS.ACTIVIDADES (COD_ACTIVIDAD,COD_ASIGNATURA,NOMBRE,FECHA_INICIO,FECHA_FIN,TEMA,ORDEN_VERTICAL,ORDEN_HORIZONTAL,VISIBLE) values ('1','1','Entrega ER Campus Virtual',to_date('14/04/13','DD/MM/RR'),to_date('21/04/13','DD/MM/RR'),'1','1','1','1');
Insert into CAMPUS.ACTIVIDADES (COD_ACTIVIDAD,COD_ASIGNATURA,NOMBRE,FECHA_INICIO,FECHA_FIN,TEMA,ORDEN_VERTICAL,ORDEN_HORIZONTAL,VISIBLE) values ('2','1','Test 1',to_date('20/04/13','DD/MM/RR'),null,'1','1','1','0');
Insert into CAMPUS.ACTIVIDADES (COD_ACTIVIDAD,COD_ASIGNATURA,NOMBRE,FECHA_INICIO,FECHA_FIN,TEMA,ORDEN_VERTICAL,ORDEN_HORIZONTAL,VISIBLE) values ('3','1','Foro de dudas',to_date('17/02/12','DD/MM/RR'),null,'1','1','1','1');
Insert into CAMPUS.ACTIVIDADES (COD_ACTIVIDAD,COD_ASIGNATURA,NOMBRE,FECHA_INICIO,FECHA_FIN,TEMA,ORDEN_VERTICAL,ORDEN_HORIZONTAL,VISIBLE) values ('7','1','Entrega de grupos formados',to_date('23/02/13','DD/MM/RR'),to_date('01/03/13','DD/MM/RR'),'1','1','3','1');
Insert into CAMPUS.ACTIVIDADES (COD_ACTIVIDAD,COD_ASIGNATURA,NOMBRE,FECHA_INICIO,FECHA_FIN,TEMA,ORDEN_VERTICAL,ORDEN_HORIZONTAL,VISIBLE) values ('8','1','Entrega del ER del diccionario',to_date('24/02/13','DD/MM/RR'),to_date('04/03/13','DD/MM/RR'),'2','1','2','1');
Insert into CAMPUS.ACTIVIDADES (COD_ACTIVIDAD,COD_ASIGNATURA,NOMBRE,FECHA_INICIO,FECHA_FIN,TEMA,ORDEN_VERTICAL,ORDEN_HORIZONTAL,VISIBLE) values ('1','2','Foro sobre Java 3D',to_date('22/04/13','DD/MM/RR'),null,'1','1','1','1');
Insert into CAMPUS.ACTIVIDADES (COD_ACTIVIDAD,COD_ASIGNATURA,NOMBRE,FECHA_INICIO,FECHA_FIN,TEMA,ORDEN_VERTICAL,ORDEN_HORIZONTAL,VISIBLE) values ('10','1','Diario del alumno',to_date('20/02/13','DD/MM/RR'),null,'1','1','1','1');
Insert into CAMPUS.ACTIVIDADES (COD_ACTIVIDAD,COD_ASIGNATURA,NOMBRE,FECHA_INICIO,FECHA_FIN,TEMA,ORDEN_VERTICAL,ORDEN_HORIZONTAL,VISIBLE) values ('1','4','Examen final',to_date('14/02/13','DD/MM/RR'),to_date('14/02/13','DD/MM/RR'),'1','1','1','0');
Insert into CAMPUS.ACTIVIDADES (COD_ACTIVIDAD,COD_ASIGNATURA,NOMBRE,FECHA_INICIO,FECHA_FIN,TEMA,ORDEN_VERTICAL,ORDEN_HORIZONTAL,VISIBLE) values ('15','2','Trabajo opcional',to_date('17/01/13','DD/MM/RR'),null,'3','2','2','1');
Insert into CAMPUS.ACTIVIDADES (COD_ACTIVIDAD,COD_ASIGNATURA,NOMBRE,FECHA_INICIO,FECHA_FIN,TEMA,ORDEN_VERTICAL,ORDEN_HORIZONTAL,VISIBLE) values ('17','3','Entrega de la práctica 5',to_date('26/04/13','DD/MM/RR'),to_date('27/04/13','DD/MM/RR'),'5','1','1','1');
Insert into CAMPUS.ACTIVIDADES (COD_ACTIVIDAD,COD_ASIGNATURA,NOMBRE,FECHA_INICIO,FECHA_FIN,TEMA,ORDEN_VERTICAL,ORDEN_HORIZONTAL,VISIBLE) values ('20','3','Entrega ejercicio opcional cónicas',to_date('10/01/13','DD/MM/RR'),to_date('30/01/13','DD/MM/RR'),'3','1','1','1');
Insert into CAMPUS.ACTIVIDADES (COD_ACTIVIDAD,COD_ASIGNATURA,NOMBRE,FECHA_INICIO,FECHA_FIN,TEMA,ORDEN_VERTICAL,ORDEN_HORIZONTAL,VISIBLE) values ('21','5','Examen parcial',to_date('03/01/12','DD/MM/RR'),to_date('03/01/12','DD/MM/RR'),'3','1','1','1');
Insert into CAMPUS.ACTIVIDADES (COD_ACTIVIDAD,COD_ASIGNATURA,NOMBRE,FECHA_INICIO,FECHA_FIN,TEMA,ORDEN_VERTICAL,ORDEN_HORIZONTAL,VISIBLE) values ('101','3','Entrega Relación 1',to_date('26/04/13','DD/MM/RR'),to_date('26/05/13','DD/MM/RR'),'1','1','1','1');
REM INSERTING into CAMPUS.ASIGNATURAS
SET DEFINE OFF;
Insert into CAMPUS.ASIGNATURAS (COD_ASIGNATURA,COD_TITULACION,AÑO,NOMBRE,DESCRIPCION,IDIOMA,CLAVE) values ('6','1','2012','Sist. Inf. Internet',null,'1','sii12/13');
Insert into CAMPUS.ASIGNATURAS (COD_ASIGNATURA,COD_TITULACION,AÑO,NOMBRE,DESCRIPCION,IDIOMA,CLAVE) values ('4','1','2012','Procesadores de Lenguaje',null,'1','pl12');
Insert into CAMPUS.ASIGNATURAS (COD_ASIGNATURA,COD_TITULACION,AÑO,NOMBRE,DESCRIPCION,IDIOMA,CLAVE) values ('3','1','2012','Cálculo',null,'1',null);
Insert into CAMPUS.ASIGNATURAS (COD_ASIGNATURA,COD_TITULACION,AÑO,NOMBRE,DESCRIPCION,IDIOMA,CLAVE) values ('2','1','2012','Prog. de Videojuegos',null,'1','pv12/13');
Insert into CAMPUS.ASIGNATURAS (COD_ASIGNATURA,COD_TITULACION,AÑO,NOMBRE,DESCRIPCION,IDIOMA,CLAVE) values ('7','1','2012','Electrónica para la Domótica',null,'1','domo12');
Insert into CAMPUS.ASIGNATURAS (COD_ASIGNATURA,COD_TITULACION,AÑO,NOMBRE,DESCRIPCION,IDIOMA,CLAVE) values ('1','1','2012','Admon de Bases de Datos',null,'1',null);
Insert into CAMPUS.ASIGNATURAS (COD_ASIGNATURA,COD_TITULACION,AÑO,NOMBRE,DESCRIPCION,IDIOMA,CLAVE) values ('5','1','2012','Vision por Computador',null,'1',null);
REM INSERTING into CAMPUS.CENTROS
SET DEFINE OFF;
Insert into CAMPUS.CENTROS (COD_CENTRO,NOMBRE) values ('6','FACULTAD DE DERECHO');
Insert into CAMPUS.CENTROS (COD_CENTRO,NOMBRE) values ('11','CIENCIAS DE LA COMUNICACIÓN');
Insert into CAMPUS.CENTROS (COD_CENTRO,NOMBRE) values ('13','FACULTAD HOMEOPATIA');
Insert into CAMPUS.CENTROS (COD_CENTRO,NOMBRE) values ('17','ETS Ingenieria Informatica');
Insert into CAMPUS.CENTROS (COD_CENTRO,NOMBRE) values ('4','FACULTAD DE MEDICINA');
Insert into CAMPUS.CENTROS (COD_CENTRO,NOMBRE) values ('10','FACULTAD DE ECONOMIA');
Insert into CAMPUS.CENTROS (COD_CENTRO,NOMBRE) values ('1','ETSI INFORMATICA');
Insert into CAMPUS.CENTROS (COD_CENTRO,NOMBRE) values ('3','FACULTAD DE BELLAS ARTES');
Insert into CAMPUS.CENTROS (COD_CENTRO,NOMBRE) values ('8','FACULTAD DE FILOSOFIA Y LETRAS');
Insert into CAMPUS.CENTROS (COD_CENTRO,NOMBRE) values ('14','ETSI INDUSTRIAL');
Insert into CAMPUS.CENTROS (COD_CENTRO,NOMBRE) values ('22','KING´S LANDING');
Insert into CAMPUS.CENTROS (COD_CENTRO,NOMBRE) values ('2','ETSI TELECOMUNICACIONES');
Insert into CAMPUS.CENTROS (COD_CENTRO,NOMBRE) values ('18','FACULTAD DE ENFERMERIA');
Insert into CAMPUS.CENTROS (COD_CENTRO,NOMBRE) values ('5','FACULTAD DE CIENCIAS');
Insert into CAMPUS.CENTROS (COD_CENTRO,NOMBRE) values ('7','FACULTAD DE COMERCIO Y GESTION');
Insert into CAMPUS.CENTROS (COD_CENTRO,NOMBRE) values ('9','ETS DE ARQUITECTURA');
Insert into CAMPUS.CENTROS (COD_CENTRO,NOMBRE) values ('12','FACULTAD PSICOLOGIA');
REM INSERTING into CAMPUS.CONEXIONES
SET DEFINE OFF;
Insert into CAMPUS.CONEXIONES (SESIONID,USUARIO,IP,MAQUINA,INICIO,FIN) values ('101164','SYSMAN','127.0.0.1','alumno-f0df3c14',to_date('04/06/13','DD/MM/RR'),to_date('04/06/13','DD/MM/RR'));
Insert into CAMPUS.CONEXIONES (SESIONID,USUARIO,IP,MAQUINA,INICIO,FIN) values ('101183','DBSNMP','127.0.0.1','WORKGROUP\ALUMNO-F0DF3C14',to_date('04/06/13','DD/MM/RR'),to_date('04/06/13','DD/MM/RR'));
Insert into CAMPUS.CONEXIONES (SESIONID,USUARIO,IP,MAQUINA,INICIO,FIN) values ('101184','DBSNMP','127.0.0.1','WORKGROUP\ALUMNO-F0DF3C14',to_date('04/06/13','DD/MM/RR'),to_date('04/06/13','DD/MM/RR'));
Insert into CAMPUS.CONEXIONES (SESIONID,USUARIO,IP,MAQUINA,INICIO,FIN) values ('101186','DBSNMP','127.0.0.1','WORKGROUP\ALUMNO-F0DF3C14',to_date('04/06/13','DD/MM/RR'),to_date('04/06/13','DD/MM/RR'));
Insert into CAMPUS.CONEXIONES (SESIONID,USUARIO,IP,MAQUINA,INICIO,FIN) values ('101187','DBSNMP','127.0.0.1','WORKGROUP\ALUMNO-F0DF3C14',to_date('04/06/13','DD/MM/RR'),to_date('04/06/13','DD/MM/RR'));
Insert into CAMPUS.CONEXIONES (SESIONID,USUARIO,IP,MAQUINA,INICIO,FIN) values ('101188','DBSNMP','127.0.0.1','WORKGROUP\ALUMNO-F0DF3C14',to_date('04/06/13','DD/MM/RR'),to_date('04/06/13','DD/MM/RR'));
Insert into CAMPUS.CONEXIONES (SESIONID,USUARIO,IP,MAQUINA,INICIO,FIN) values ('101189','DBSNMP','127.0.0.1','WORKGROUP\ALUMNO-F0DF3C14',to_date('04/06/13','DD/MM/RR'),to_date('04/06/13','DD/MM/RR'));
Insert into CAMPUS.CONEXIONES (SESIONID,USUARIO,IP,MAQUINA,INICIO,FIN) values ('101190','DBSNMP','127.0.0.1','WORKGROUP\ALUMNO-F0DF3C14',to_date('04/06/13','DD/MM/RR'),to_date('04/06/13','DD/MM/RR'));
Insert into CAMPUS.CONEXIONES (SESIONID,USUARIO,IP,MAQUINA,INICIO,FIN) values ('101195','DBSNMP','127.0.0.1','WORKGROUP\ALUMNO-F0DF3C14',to_date('04/06/13','DD/MM/RR'),to_date('04/06/13','DD/MM/RR'));
Insert into CAMPUS.CONEXIONES (SESIONID,USUARIO,IP,MAQUINA,INICIO,FIN) values ('101198','DBSNMP','127.0.0.1','WORKGROUP\ALUMNO-F0DF3C14',to_date('04/06/13','DD/MM/RR'),to_date('04/06/13','DD/MM/RR'));
Insert into CAMPUS.CONEXIONES (SESIONID,USUARIO,IP,MAQUINA,INICIO,FIN) values ('101199','DBSNMP','127.0.0.1','WORKGROUP\ALUMNO-F0DF3C14',to_date('04/06/13','DD/MM/RR'),to_date('04/06/13','DD/MM/RR'));
Insert into CAMPUS.CONEXIONES (SESIONID,USUARIO,IP,MAQUINA,INICIO,FIN) values ('101203','DBSNMP','127.0.0.1','WORKGROUP\ALUMNO-F0DF3C14',to_date('04/06/13','DD/MM/RR'),to_date('04/06/13','DD/MM/RR'));
Insert into CAMPUS.CONEXIONES (SESIONID,USUARIO,IP,MAQUINA,INICIO,FIN) values ('101214','DBSNMP','127.0.0.1','WORKGROUP\ALUMNO-F0DF3C14',to_date('04/06/13','DD/MM/RR'),to_date('04/06/13','DD/MM/RR'));
Insert into CAMPUS.CONEXIONES (SESIONID,USUARIO,IP,MAQUINA,INICIO,FIN) values ('101216','DBSNMP','127.0.0.1','WORKGROUP\ALUMNO-F0DF3C14',to_date('04/06/13','DD/MM/RR'),to_date('04/06/13','DD/MM/RR'));
Insert into CAMPUS.CONEXIONES (SESIONID,USUARIO,IP,MAQUINA,INICIO,FIN) values ('101217','DBSNMP','127.0.0.1','WORKGROUP\ALUMNO-F0DF3C14',to_date('04/06/13','DD/MM/RR'),to_date('04/06/13','DD/MM/RR'));
Insert into CAMPUS.CONEXIONES (SESIONID,USUARIO,IP,MAQUINA,INICIO,FIN) values ('101219','DBSNMP','127.0.0.1','WORKGROUP\ALUMNO-F0DF3C14',to_date('04/06/13','DD/MM/RR'),to_date('04/06/13','DD/MM/RR'));
Insert into CAMPUS.CONEXIONES (SESIONID,USUARIO,IP,MAQUINA,INICIO,FIN) values ('101223','DBSNMP','127.0.0.1','WORKGROUP\ALUMNO-F0DF3C14',to_date('04/06/13','DD/MM/RR'),to_date('04/06/13','DD/MM/RR'));
Insert into CAMPUS.CONEXIONES (SESIONID,USUARIO,IP,MAQUINA,INICIO,FIN) values ('101224','DBSNMP','127.0.0.1','WORKGROUP\ALUMNO-F0DF3C14',to_date('04/06/13','DD/MM/RR'),to_date('04/06/13','DD/MM/RR'));
Insert into CAMPUS.CONEXIONES (SESIONID,USUARIO,IP,MAQUINA,INICIO,FIN) values ('101225','DBSNMP','127.0.0.1','WORKGROUP\ALUMNO-F0DF3C14',to_date('04/06/13','DD/MM/RR'),to_date('04/06/13','DD/MM/RR'));
Insert into CAMPUS.CONEXIONES (SESIONID,USUARIO,IP,MAQUINA,INICIO,FIN) values ('101229','DBSNMP','127.0.0.1','WORKGROUP\ALUMNO-F0DF3C14',to_date('04/06/13','DD/MM/RR'),to_date('04/06/13','DD/MM/RR'));
Insert into CAMPUS.CONEXIONES (SESIONID,USUARIO,IP,MAQUINA,INICIO,FIN) values ('101232','DBSNMP','127.0.0.1','WORKGROUP\ALUMNO-F0DF3C14',to_date('04/06/13','DD/MM/RR'),to_date('04/06/13','DD/MM/RR'));
Insert into CAMPUS.CONEXIONES (SESIONID,USUARIO,IP,MAQUINA,INICIO,FIN) values ('101234','CAMPUS',null,'WORKGROUP\ALUMNO-F0DF3C14',to_date('04/06/13','DD/MM/RR'),null);
Insert into CAMPUS.CONEXIONES (SESIONID,USUARIO,IP,MAQUINA,INICIO,FIN) values ('101242','DBSNMP','127.0.0.1','WORKGROUP\ALUMNO-F0DF3C14',to_date('04/06/13','DD/MM/RR'),to_date('04/06/13','DD/MM/RR'));
Insert into CAMPUS.CONEXIONES (SESIONID,USUARIO,IP,MAQUINA,INICIO,FIN) values ('101245','DBSNMP','127.0.0.1','WORKGROUP\ALUMNO-F0DF3C14',to_date('04/06/13','DD/MM/RR'),to_date('04/06/13','DD/MM/RR'));
Insert into CAMPUS.CONEXIONES (SESIONID,USUARIO,IP,MAQUINA,INICIO,FIN) values ('101250','DBSNMP','127.0.0.1','WORKGROUP\ALUMNO-F0DF3C14',to_date('04/06/13','DD/MM/RR'),to_date('04/06/13','DD/MM/RR'));
Insert into CAMPUS.CONEXIONES (SESIONID,USUARIO,IP,MAQUINA,INICIO,FIN) values ('101255','DBSNMP','127.0.0.1','WORKGROUP\ALUMNO-F0DF3C14',to_date('04/06/13','DD/MM/RR'),to_date('04/06/13','DD/MM/RR'));
Insert into CAMPUS.CONEXIONES (SESIONID,USUARIO,IP,MAQUINA,INICIO,FIN) values ('101307','SYS',null,'ALUMNO-F0DF3C14',to_date('04/06/13','DD/MM/RR'),null);
Insert into CAMPUS.CONEXIONES (SESIONID,USUARIO,IP,MAQUINA,INICIO,FIN) values ('101351','SYS',null,'ALUMNO-F0DF3C14',to_date('04/06/13','DD/MM/RR'),null);
Insert into CAMPUS.CONEXIONES (SESIONID,USUARIO,IP,MAQUINA,INICIO,FIN) values ('101353','SYS',null,'ALUMNO-F0DF3C14',to_date('04/06/13','DD/MM/RR'),null);
Insert into CAMPUS.CONEXIONES (SESIONID,USUARIO,IP,MAQUINA,INICIO,FIN) values ('0','SYS',null,'ALUMNO-F0DF3C14',to_date('04/06/13','DD/MM/RR'),null);
Insert into CAMPUS.CONEXIONES (SESIONID,USUARIO,IP,MAQUINA,INICIO,FIN) values ('0','SYS',null,'ALUMNO-F0DF3C14',to_date('04/06/13','DD/MM/RR'),null);
Insert into CAMPUS.CONEXIONES (SESIONID,USUARIO,IP,MAQUINA,INICIO,FIN) values ('0','SYS',null,'ALUMNO-F0DF3C14',to_date('04/06/13','DD/MM/RR'),null);
Insert into CAMPUS.CONEXIONES (SESIONID,USUARIO,IP,MAQUINA,INICIO,FIN) values ('101378','DBSNMP','127.0.0.1','WORKGROUP\ALUMNO-F0DF3C14',to_date('04/06/13','DD/MM/RR'),to_date('04/06/13','DD/MM/RR'));
Insert into CAMPUS.CONEXIONES (SESIONID,USUARIO,IP,MAQUINA,INICIO,FIN) values ('101379','DBSNMP','127.0.0.1','WORKGROUP\ALUMNO-F0DF3C14',to_date('04/06/13','DD/MM/RR'),to_date('04/06/13','DD/MM/RR'));
Insert into CAMPUS.CONEXIONES (SESIONID,USUARIO,IP,MAQUINA,INICIO,FIN) values ('0','SYS',null,'ALUMNO-F0DF3C14',to_date('04/06/13','DD/MM/RR'),null);
Insert into CAMPUS.CONEXIONES (SESIONID,USUARIO,IP,MAQUINA,INICIO,FIN) values ('101381','DBSNMP','127.0.0.1','WORKGROUP\ALUMNO-F0DF3C14',to_date('04/06/13','DD/MM/RR'),to_date('04/06/13','DD/MM/RR'));
Insert into CAMPUS.CONEXIONES (SESIONID,USUARIO,IP,MAQUINA,INICIO,FIN) values ('0','SYS',null,'ALUMNO-F0DF3C14',to_date('04/06/13','DD/MM/RR'),null);
Insert into CAMPUS.CONEXIONES (SESIONID,USUARIO,IP,MAQUINA,INICIO,FIN) values ('0','SYS',null,'ALUMNO-F0DF3C14',to_date('04/06/13','DD/MM/RR'),null);
Insert into CAMPUS.CONEXIONES (SESIONID,USUARIO,IP,MAQUINA,INICIO,FIN) values ('0','SYS',null,'ALUMNO-F0DF3C14',to_date('04/06/13','DD/MM/RR'),null);
Insert into CAMPUS.CONEXIONES (SESIONID,USUARIO,IP,MAQUINA,INICIO,FIN) values ('0','SYS',null,'ALUMNO-F0DF3C14',to_date('04/06/13','DD/MM/RR'),null);
Insert into CAMPUS.CONEXIONES (SESIONID,USUARIO,IP,MAQUINA,INICIO,FIN) values ('0','SYS',null,'ALUMNO-F0DF3C14',to_date('04/06/13','DD/MM/RR'),null);
Insert into CAMPUS.CONEXIONES (SESIONID,USUARIO,IP,MAQUINA,INICIO,FIN) values ('101387','DBSNMP','127.0.0.1','WORKGROUP\ALUMNO-F0DF3C14',to_date('04/06/13','DD/MM/RR'),to_date('04/06/13','DD/MM/RR'));
Insert into CAMPUS.CONEXIONES (SESIONID,USUARIO,IP,MAQUINA,INICIO,FIN) values ('101388','DBSNMP','127.0.0.1','WORKGROUP\ALUMNO-F0DF3C14',to_date('04/06/13','DD/MM/RR'),to_date('04/06/13','DD/MM/RR'));
Insert into CAMPUS.CONEXIONES (SESIONID,USUARIO,IP,MAQUINA,INICIO,FIN) values ('0','SYS',null,'ALUMNO-F0DF3C14',to_date('04/06/13','DD/MM/RR'),null);
Insert into CAMPUS.CONEXIONES (SESIONID,USUARIO,IP,MAQUINA,INICIO,FIN) values ('101390','DBSNMP','127.0.0.1','WORKGROUP\ALUMNO-F0DF3C14',to_date('04/06/13','DD/MM/RR'),to_date('04/06/13','DD/MM/RR'));
Insert into CAMPUS.CONEXIONES (SESIONID,USUARIO,IP,MAQUINA,INICIO,FIN) values ('0','SYS',null,'ALUMNO-F0DF3C14',to_date('04/06/13','DD/MM/RR'),null);
Insert into CAMPUS.CONEXIONES (SESIONID,USUARIO,IP,MAQUINA,INICIO,FIN) values ('0','SYS',null,'ALUMNO-F0DF3C14',to_date('04/06/13','DD/MM/RR'),null);
Insert into CAMPUS.CONEXIONES (SESIONID,USUARIO,IP,MAQUINA,INICIO,FIN) values ('0','SYS',null,'ALUMNO-F0DF3C14',to_date('04/06/13','DD/MM/RR'),null);
Insert into CAMPUS.CONEXIONES (SESIONID,USUARIO,IP,MAQUINA,INICIO,FIN) values ('0','SYS',null,'ALUMNO-F0DF3C14',to_date('04/06/13','DD/MM/RR'),null);
Insert into CAMPUS.CONEXIONES (SESIONID,USUARIO,IP,MAQUINA,INICIO,FIN) values ('101395','DBSNMP','127.0.0.1','WORKGROUP\ALUMNO-F0DF3C14',to_date('04/06/13','DD/MM/RR'),to_date('04/06/13','DD/MM/RR'));
Insert into CAMPUS.CONEXIONES (SESIONID,USUARIO,IP,MAQUINA,INICIO,FIN) values ('101396','DBSNMP','127.0.0.1','WORKGROUP\ALUMNO-F0DF3C14',to_date('04/06/13','DD/MM/RR'),to_date('04/06/13','DD/MM/RR'));
Insert into CAMPUS.CONEXIONES (SESIONID,USUARIO,IP,MAQUINA,INICIO,FIN) values ('101397','DBSNMP','127.0.0.1','WORKGROUP\ALUMNO-F0DF3C14',to_date('04/06/13','DD/MM/RR'),to_date('04/06/13','DD/MM/RR'));
Insert into CAMPUS.CONEXIONES (SESIONID,USUARIO,IP,MAQUINA,INICIO,FIN) values ('0','SYS',null,'ALUMNO-F0DF3C14',to_date('04/06/13','DD/MM/RR'),null);
Insert into CAMPUS.CONEXIONES (SESIONID,USUARIO,IP,MAQUINA,INICIO,FIN) values ('101399','DBSNMP','127.0.0.1','WORKGROUP\ALUMNO-F0DF3C14',to_date('04/06/13','DD/MM/RR'),to_date('04/06/13','DD/MM/RR'));
Insert into CAMPUS.CONEXIONES (SESIONID,USUARIO,IP,MAQUINA,INICIO,FIN) values ('0','SYS',null,'ALUMNO-F0DF3C14',to_date('04/06/13','DD/MM/RR'),null);
Insert into CAMPUS.CONEXIONES (SESIONID,USUARIO,IP,MAQUINA,INICIO,FIN) values ('0','SYS',null,'ALUMNO-F0DF3C14',to_date('04/06/13','DD/MM/RR'),null);
Insert into CAMPUS.CONEXIONES (SESIONID,USUARIO,IP,MAQUINA,INICIO,FIN) values ('0','SYS',null,'ALUMNO-F0DF3C14',to_date('04/06/13','DD/MM/RR'),null);
Insert into CAMPUS.CONEXIONES (SESIONID,USUARIO,IP,MAQUINA,INICIO,FIN) values ('0','SYS',null,'ALUMNO-F0DF3C14',to_date('04/06/13','DD/MM/RR'),null);
Insert into CAMPUS.CONEXIONES (SESIONID,USUARIO,IP,MAQUINA,INICIO,FIN) values ('101406','DBSNMP','127.0.0.1','WORKGROUP\ALUMNO-F0DF3C14',to_date('04/06/13','DD/MM/RR'),to_date('04/06/13','DD/MM/RR'));
Insert into CAMPUS.CONEXIONES (SESIONID,USUARIO,IP,MAQUINA,INICIO,FIN) values ('101407','DBSNMP','127.0.0.1','WORKGROUP\ALUMNO-F0DF3C14',to_date('04/06/13','DD/MM/RR'),to_date('04/06/13','DD/MM/RR'));
Insert into CAMPUS.CONEXIONES (SESIONID,USUARIO,IP,MAQUINA,INICIO,FIN) values ('0','SYS',null,'ALUMNO-F0DF3C14',to_date('04/06/13','DD/MM/RR'),null);
Insert into CAMPUS.CONEXIONES (SESIONID,USUARIO,IP,MAQUINA,INICIO,FIN) values ('101409','DBSNMP','127.0.0.1','WORKGROUP\ALUMNO-F0DF3C14',to_date('04/06/13','DD/MM/RR'),to_date('04/06/13','DD/MM/RR'));
Insert into CAMPUS.CONEXIONES (SESIONID,USUARIO,IP,MAQUINA,INICIO,FIN) values ('0','SYS',null,'ALUMNO-F0DF3C14',to_date('04/06/13','DD/MM/RR'),null);
Insert into CAMPUS.CONEXIONES (SESIONID,USUARIO,IP,MAQUINA,INICIO,FIN) values ('0','SYS',null,'ALUMNO-F0DF3C14',to_date('04/06/13','DD/MM/RR'),null);
Insert into CAMPUS.CONEXIONES (SESIONID,USUARIO,IP,MAQUINA,INICIO,FIN) values ('0','SYS',null,'ALUMNO-F0DF3C14',to_date('04/06/13','DD/MM/RR'),null);
Insert into CAMPUS.CONEXIONES (SESIONID,USUARIO,IP,MAQUINA,INICIO,FIN) values ('101413','DBSNMP','127.0.0.1','WORKGROUP\ALUMNO-F0DF3C14',to_date('04/06/13','DD/MM/RR'),to_date('04/06/13','DD/MM/RR'));
Insert into CAMPUS.CONEXIONES (SESIONID,USUARIO,IP,MAQUINA,INICIO,FIN) values ('101414','DBSNMP','127.0.0.1','WORKGROUP\ALUMNO-F0DF3C14',to_date('04/06/13','DD/MM/RR'),to_date('04/06/13','DD/MM/RR'));
Insert into CAMPUS.CONEXIONES (SESIONID,USUARIO,IP,MAQUINA,INICIO,FIN) values ('0','SYS',null,'ALUMNO-F0DF3C14',to_date('04/06/13','DD/MM/RR'),null);
Insert into CAMPUS.CONEXIONES (SESIONID,USUARIO,IP,MAQUINA,INICIO,FIN) values ('101416','DBSNMP','127.0.0.1','WORKGROUP\ALUMNO-F0DF3C14',to_date('04/06/13','DD/MM/RR'),to_date('04/06/13','DD/MM/RR'));
Insert into CAMPUS.CONEXIONES (SESIONID,USUARIO,IP,MAQUINA,INICIO,FIN) values ('101417','DBSNMP','127.0.0.1','WORKGROUP\ALUMNO-F0DF3C14',to_date('04/06/13','DD/MM/RR'),to_date('04/06/13','DD/MM/RR'));
Insert into CAMPUS.CONEXIONES (SESIONID,USUARIO,IP,MAQUINA,INICIO,FIN) values ('0','SYS',null,'ALUMNO-F0DF3C14',to_date('04/06/13','DD/MM/RR'),null);
Insert into CAMPUS.CONEXIONES (SESIONID,USUARIO,IP,MAQUINA,INICIO,FIN) values ('101422','DBSNMP','127.0.0.1','WORKGROUP\ALUMNO-F0DF3C14',to_date('04/06/13','DD/MM/RR'),to_date('04/06/13','DD/MM/RR'));
Insert into CAMPUS.CONEXIONES (SESIONID,USUARIO,IP,MAQUINA,INICIO,FIN) values ('0','SYS',null,'ALUMNO-F0DF3C14',to_date('04/06/13','DD/MM/RR'),null);
Insert into CAMPUS.CONEXIONES (SESIONID,USUARIO,IP,MAQUINA,INICIO,FIN) values ('101424','CAMPUS',null,'WORKGROUP\ALUMNO-F0DF3C14',to_date('04/06/13','DD/MM/RR'),null);
Insert into CAMPUS.CONEXIONES (SESIONID,USUARIO,IP,MAQUINA,INICIO,FIN) values ('0','SYS',null,'ALUMNO-F0DF3C14',to_date('04/06/13','DD/MM/RR'),null);
Insert into CAMPUS.CONEXIONES (SESIONID,USUARIO,IP,MAQUINA,INICIO,FIN) values ('0','SYS',null,'ALUMNO-F0DF3C14',to_date('04/06/13','DD/MM/RR'),null);
Insert into CAMPUS.CONEXIONES (SESIONID,USUARIO,IP,MAQUINA,INICIO,FIN) values ('0','SYS',null,'ALUMNO-F0DF3C14',to_date('04/06/13','DD/MM/RR'),null);
Insert into CAMPUS.CONEXIONES (SESIONID,USUARIO,IP,MAQUINA,INICIO,FIN) values ('0','SYS',null,'ALUMNO-F0DF3C14',to_date('04/06/13','DD/MM/RR'),null);
Insert into CAMPUS.CONEXIONES (SESIONID,USUARIO,IP,MAQUINA,INICIO,FIN) values ('101429','DBSNMP','127.0.0.1','WORKGROUP\ALUMNO-F0DF3C14',to_date('04/06/13','DD/MM/RR'),to_date('04/06/13','DD/MM/RR'));
Insert into CAMPUS.CONEXIONES (SESIONID,USUARIO,IP,MAQUINA,INICIO,FIN) values ('101430','DBSNMP','127.0.0.1','WORKGROUP\ALUMNO-F0DF3C14',to_date('04/06/13','DD/MM/RR'),to_date('04/06/13','DD/MM/RR'));
Insert into CAMPUS.CONEXIONES (SESIONID,USUARIO,IP,MAQUINA,INICIO,FIN) values ('101431','DBSNMP','127.0.0.1','WORKGROUP\ALUMNO-F0DF3C14',to_date('04/06/13','DD/MM/RR'),to_date('04/06/13','DD/MM/RR'));
Insert into CAMPUS.CONEXIONES (SESIONID,USUARIO,IP,MAQUINA,INICIO,FIN) values ('0','SYS',null,'ALUMNO-F0DF3C14',to_date('04/06/13','DD/MM/RR'),null);
Insert into CAMPUS.CONEXIONES (SESIONID,USUARIO,IP,MAQUINA,INICIO,FIN) values ('101433','CAMPUS',null,'WORKGROUP\ALUMNO-F0DF3C14',to_date('04/06/13','DD/MM/RR'),null);
Insert into CAMPUS.CONEXIONES (SESIONID,USUARIO,IP,MAQUINA,INICIO,FIN) values ('101434','DBSNMP','127.0.0.1','WORKGROUP\ALUMNO-F0DF3C14',to_date('04/06/13','DD/MM/RR'),to_date('04/06/13','DD/MM/RR'));
Insert into CAMPUS.CONEXIONES (SESIONID,USUARIO,IP,MAQUINA,INICIO,FIN) values ('0','SYS',null,'ALUMNO-F0DF3C14',to_date('04/06/13','DD/MM/RR'),null);
Insert into CAMPUS.CONEXIONES (SESIONID,USUARIO,IP,MAQUINA,INICIO,FIN) values ('101437','CAMPUS',null,'WORKGROUP\ALUMNO-F0DF3C14',to_date('04/06/13','DD/MM/RR'),null);
Insert into CAMPUS.CONEXIONES (SESIONID,USUARIO,IP,MAQUINA,INICIO,FIN) values ('0','SYS',null,'ALUMNO-F0DF3C14',to_date('04/06/13','DD/MM/RR'),null);
Insert into CAMPUS.CONEXIONES (SESIONID,USUARIO,IP,MAQUINA,INICIO,FIN) values ('101439','CAMPUS',null,'WORKGROUP\ALUMNO-F0DF3C14',to_date('04/06/13','DD/MM/RR'),null);
Insert into CAMPUS.CONEXIONES (SESIONID,USUARIO,IP,MAQUINA,INICIO,FIN) values ('0','SYS',null,'ALUMNO-F0DF3C14',to_date('04/06/13','DD/MM/RR'),null);
Insert into CAMPUS.CONEXIONES (SESIONID,USUARIO,IP,MAQUINA,INICIO,FIN) values ('0','SYS',null,'ALUMNO-F0DF3C14',to_date('04/06/13','DD/MM/RR'),null);
Insert into CAMPUS.CONEXIONES (SESIONID,USUARIO,IP,MAQUINA,INICIO,FIN) values ('101442','DBSNMP','127.0.0.1','WORKGROUP\ALUMNO-F0DF3C14',to_date('04/06/13','DD/MM/RR'),to_date('04/06/13','DD/MM/RR'));
Insert into CAMPUS.CONEXIONES (SESIONID,USUARIO,IP,MAQUINA,INICIO,FIN) values ('101443','DBSNMP','127.0.0.1','WORKGROUP\ALUMNO-F0DF3C14',to_date('04/06/13','DD/MM/RR'),to_date('04/06/13','DD/MM/RR'));
Insert into CAMPUS.CONEXIONES (SESIONID,USUARIO,IP,MAQUINA,INICIO,FIN) values ('0','SYS',null,'ALUMNO-F0DF3C14',to_date('04/06/13','DD/MM/RR'),null);
Insert into CAMPUS.CONEXIONES (SESIONID,USUARIO,IP,MAQUINA,INICIO,FIN) values ('101445','DBSNMP','127.0.0.1','WORKGROUP\ALUMNO-F0DF3C14',to_date('04/06/13','DD/MM/RR'),to_date('04/06/13','DD/MM/RR'));
Insert into CAMPUS.CONEXIONES (SESIONID,USUARIO,IP,MAQUINA,INICIO,FIN) values ('0','SYS',null,'ALUMNO-F0DF3C14',to_date('04/06/13','DD/MM/RR'),null);
Insert into CAMPUS.CONEXIONES (SESIONID,USUARIO,IP,MAQUINA,INICIO,FIN) values ('101447','SYS',null,'ALUMNO-F0DF3C14',to_date('04/06/13','DD/MM/RR'),null);
Insert into CAMPUS.CONEXIONES (SESIONID,USUARIO,IP,MAQUINA,INICIO,FIN) values ('0','SYS',null,'ALUMNO-F0DF3C14',to_date('04/06/13','DD/MM/RR'),null);
Insert into CAMPUS.CONEXIONES (SESIONID,USUARIO,IP,MAQUINA,INICIO,FIN) values ('0','SYS',null,'ALUMNO-F0DF3C14',to_date('04/06/13','DD/MM/RR'),null);
Insert into CAMPUS.CONEXIONES (SESIONID,USUARIO,IP,MAQUINA,INICIO,FIN) values ('0','SYS',null,'ALUMNO-F0DF3C14',to_date('04/06/13','DD/MM/RR'),null);
Insert into CAMPUS.CONEXIONES (SESIONID,USUARIO,IP,MAQUINA,INICIO,FIN) values ('0','SYS',null,'ALUMNO-F0DF3C14',to_date('04/06/13','DD/MM/RR'),null);
Insert into CAMPUS.CONEXIONES (SESIONID,USUARIO,IP,MAQUINA,INICIO,FIN) values ('101452','DBSNMP','127.0.0.1','WORKGROUP\ALUMNO-F0DF3C14',to_date('04/06/13','DD/MM/RR'),to_date('04/06/13','DD/MM/RR'));
Insert into CAMPUS.CONEXIONES (SESIONID,USUARIO,IP,MAQUINA,INICIO,FIN) values ('101453','DBSNMP','127.0.0.1','WORKGROUP\ALUMNO-F0DF3C14',to_date('04/06/13','DD/MM/RR'),to_date('04/06/13','DD/MM/RR'));
Insert into CAMPUS.CONEXIONES (SESIONID,USUARIO,IP,MAQUINA,INICIO,FIN) values ('0','SYS',null,'ALUMNO-F0DF3C14',to_date('04/06/13','DD/MM/RR'),null);
Insert into CAMPUS.CONEXIONES (SESIONID,USUARIO,IP,MAQUINA,INICIO,FIN) values ('101455','DBSNMP','127.0.0.1','WORKGROUP\ALUMNO-F0DF3C14',to_date('04/06/13','DD/MM/RR'),to_date('04/06/13','DD/MM/RR'));
Insert into CAMPUS.CONEXIONES (SESIONID,USUARIO,IP,MAQUINA,INICIO,FIN) values ('0','SYS',null,'ALUMNO-F0DF3C14',to_date('04/06/13','DD/MM/RR'),null);
Insert into CAMPUS.CONEXIONES (SESIONID,USUARIO,IP,MAQUINA,INICIO,FIN) values ('0','SYS',null,'ALUMNO-F0DF3C14',to_date('04/06/13','DD/MM/RR'),null);
Insert into CAMPUS.CONEXIONES (SESIONID,USUARIO,IP,MAQUINA,INICIO,FIN) values ('0','SYS',null,'ALUMNO-F0DF3C14',to_date('04/06/13','DD/MM/RR'),null);
Insert into CAMPUS.CONEXIONES (SESIONID,USUARIO,IP,MAQUINA,INICIO,FIN) values ('0','SYS',null,'ALUMNO-F0DF3C14',to_date('04/06/13','DD/MM/RR'),null);
Insert into CAMPUS.CONEXIONES (SESIONID,USUARIO,IP,MAQUINA,INICIO,FIN) values ('101461','DBSNMP','127.0.0.1','WORKGROUP\ALUMNO-F0DF3C14',to_date('04/06/13','DD/MM/RR'),to_date('04/06/13','DD/MM/RR'));
Insert into CAMPUS.CONEXIONES (SESIONID,USUARIO,IP,MAQUINA,INICIO,FIN) values ('101462','DBSNMP','127.0.0.1','WORKGROUP\ALUMNO-F0DF3C14',to_date('04/06/13','DD/MM/RR'),to_date('04/06/13','DD/MM/RR'));
Insert into CAMPUS.CONEXIONES (SESIONID,USUARIO,IP,MAQUINA,INICIO,FIN) values ('101463','DBSNMP','127.0.0.1','WORKGROUP\ALUMNO-F0DF3C14',to_date('04/06/13','DD/MM/RR'),to_date('04/06/13','DD/MM/RR'));
Insert into CAMPUS.CONEXIONES (SESIONID,USUARIO,IP,MAQUINA,INICIO,FIN) values ('0','SYS',null,'ALUMNO-F0DF3C14',to_date('04/06/13','DD/MM/RR'),null);
Insert into CAMPUS.CONEXIONES (SESIONID,USUARIO,IP,MAQUINA,INICIO,FIN) values ('101465','CAMPUS',null,'WORKGROUP\ALUMNO-F0DF3C14',to_date('04/06/13','DD/MM/RR'),null);
Insert into CAMPUS.CONEXIONES (SESIONID,USUARIO,IP,MAQUINA,INICIO,FIN) values ('101466','DBSNMP','127.0.0.1','WORKGROUP\ALUMNO-F0DF3C14',to_date('04/06/13','DD/MM/RR'),to_date('04/06/13','DD/MM/RR'));
Insert into CAMPUS.CONEXIONES (SESIONID,USUARIO,IP,MAQUINA,INICIO,FIN) values ('0','SYS',null,'ALUMNO-F0DF3C14',to_date('04/06/13','DD/MM/RR'),null);
Insert into CAMPUS.CONEXIONES (SESIONID,USUARIO,IP,MAQUINA,INICIO,FIN) values ('101468','CAMPUS',null,'WORKGROUP\ALUMNO-F0DF3C14',to_date('04/06/13','DD/MM/RR'),null);
Insert into CAMPUS.CONEXIONES (SESIONID,USUARIO,IP,MAQUINA,INICIO,FIN) values ('101469','CAMPUS',null,'WORKGROUP\ALUMNO-F0DF3C14',to_date('04/06/13','DD/MM/RR'),null);
Insert into CAMPUS.CONEXIONES (SESIONID,USUARIO,IP,MAQUINA,INICIO,FIN) values ('101470','CAMPUS',null,'WORKGROUP\ALUMNO-F0DF3C14',to_date('04/06/13','DD/MM/RR'),null);
Insert into CAMPUS.CONEXIONES (SESIONID,USUARIO,IP,MAQUINA,INICIO,FIN) values ('0','SYS',null,'ALUMNO-F0DF3C14',to_date('04/06/13','DD/MM/RR'),null);
Insert into CAMPUS.CONEXIONES (SESIONID,USUARIO,IP,MAQUINA,INICIO,FIN) values ('101474','SYSTEM',null,'WORKGROUP\ALUMNO-F0DF3C14',to_date('04/06/13','DD/MM/RR'),null);
Insert into CAMPUS.CONEXIONES (SESIONID,USUARIO,IP,MAQUINA,INICIO,FIN) values ('101493','SYSMAN','127.0.0.1','alumno-f0df3c14',to_date('05/06/13','DD/MM/RR'),to_date('05/06/13','DD/MM/RR'));
Insert into CAMPUS.CONEXIONES (SESIONID,USUARIO,IP,MAQUINA,INICIO,FIN) values ('101504','CAMPUS',null,'WORKGROUP\ALUMNO-F0DF3C14',to_date('05/06/13','DD/MM/RR'),null);
Insert into CAMPUS.CONEXIONES (SESIONID,USUARIO,IP,MAQUINA,INICIO,FIN) values ('101510','CAMPUS',null,'WORKGROUP\ALUMNO-F0DF3C14',to_date('05/06/13','DD/MM/RR'),null);
Insert into CAMPUS.CONEXIONES (SESIONID,USUARIO,IP,MAQUINA,INICIO,FIN) values ('101515','CAMPUS',null,'WORKGROUP\ALUMNO-F0DF3C14',to_date('05/06/13','DD/MM/RR'),null);
Insert into CAMPUS.CONEXIONES (SESIONID,USUARIO,IP,MAQUINA,INICIO,FIN) values ('0','SYS',null,'ALUMNO-F0DF3C14',to_date('05/06/13','DD/MM/RR'),null);
Insert into CAMPUS.CONEXIONES (SESIONID,USUARIO,IP,MAQUINA,INICIO,FIN) values ('101563','CAMPUS',null,'WORKGROUP\ALUMNO-F0DF3C14',to_date('05/06/13','DD/MM/RR'),null);
Insert into CAMPUS.CONEXIONES (SESIONID,USUARIO,IP,MAQUINA,INICIO,FIN) values ('0','SYS',null,'ALUMNO-F0DF3C14',to_date('05/06/13','DD/MM/RR'),null);
Insert into CAMPUS.CONEXIONES (SESIONID,USUARIO,IP,MAQUINA,INICIO,FIN) values ('101565','DBSNMP','127.0.0.1','WORKGROUP\ALUMNO-F0DF3C14',to_date('05/06/13','DD/MM/RR'),to_date('05/06/13','DD/MM/RR'));
Insert into CAMPUS.CONEXIONES (SESIONID,USUARIO,IP,MAQUINA,INICIO,FIN) values ('101566','DBSNMP','127.0.0.1','WORKGROUP\ALUMNO-F0DF3C14',to_date('05/06/13','DD/MM/RR'),to_date('05/06/13','DD/MM/RR'));
Insert into CAMPUS.CONEXIONES (SESIONID,USUARIO,IP,MAQUINA,INICIO,FIN) values ('0','SYS',null,'ALUMNO-F0DF3C14',to_date('05/06/13','DD/MM/RR'),null);
Insert into CAMPUS.CONEXIONES (SESIONID,USUARIO,IP,MAQUINA,INICIO,FIN) values ('101568','DBSNMP','127.0.0.1','WORKGROUP\ALUMNO-F0DF3C14',to_date('05/06/13','DD/MM/RR'),to_date('05/06/13','DD/MM/RR'));
Insert into CAMPUS.CONEXIONES (SESIONID,USUARIO,IP,MAQUINA,INICIO,FIN) values ('101569','DBSNMP','127.0.0.1','WORKGROUP\ALUMNO-F0DF3C14',to_date('05/06/13','DD/MM/RR'),to_date('05/06/13','DD/MM/RR'));
Insert into CAMPUS.CONEXIONES (SESIONID,USUARIO,IP,MAQUINA,INICIO,FIN) values ('101570','CAMPUS',null,'WORKGROUP\ALUMNO-F0DF3C14',to_date('05/06/13','DD/MM/RR'),null);
Insert into CAMPUS.CONEXIONES (SESIONID,USUARIO,IP,MAQUINA,INICIO,FIN) values ('0','SYS',null,'ALUMNO-F0DF3C14',to_date('05/06/13','DD/MM/RR'),null);
Insert into CAMPUS.CONEXIONES (SESIONID,USUARIO,IP,MAQUINA,INICIO,FIN) values ('101572','CAMPUS',null,'WORKGROUP\ALUMNO-F0DF3C14',to_date('05/06/13','DD/MM/RR'),null);
Insert into CAMPUS.CONEXIONES (SESIONID,USUARIO,IP,MAQUINA,INICIO,FIN) values ('101573','CAMPUS',null,'WORKGROUP\ALUMNO-F0DF3C14',to_date('05/06/13','DD/MM/RR'),null);
Insert into CAMPUS.CONEXIONES (SESIONID,USUARIO,IP,MAQUINA,INICIO,FIN) values ('0','SYS',null,'ALUMNO-F0DF3C14',to_date('04/06/13','DD/MM/RR'),null);
Insert into CAMPUS.CONEXIONES (SESIONID,USUARIO,IP,MAQUINA,INICIO,FIN) values ('101165','CAMPUS',null,'WORKGROUP\ALUMNO-F0DF3C14',to_date('04/06/13','DD/MM/RR'),null);
Insert into CAMPUS.CONEXIONES (SESIONID,USUARIO,IP,MAQUINA,INICIO,FIN) values ('0','SYS',null,'ALUMNO-F0DF3C14',to_date('04/06/13','DD/MM/RR'),null);
Insert into CAMPUS.CONEXIONES (SESIONID,USUARIO,IP,MAQUINA,INICIO,FIN) values ('0','SYS',null,'ALUMNO-F0DF3C14',to_date('04/06/13','DD/MM/RR'),null);
Insert into CAMPUS.CONEXIONES (SESIONID,USUARIO,IP,MAQUINA,INICIO,FIN) values ('101168','SYSTEM',null,'WORKGROUP\ALUMNO-F0DF3C14',to_date('04/06/13','DD/MM/RR'),null);
Insert into CAMPUS.CONEXIONES (SESIONID,USUARIO,IP,MAQUINA,INICIO,FIN) values ('0','SYS',null,'ALUMNO-F0DF3C14',to_date('04/06/13','DD/MM/RR'),null);
Insert into CAMPUS.CONEXIONES (SESIONID,USUARIO,IP,MAQUINA,INICIO,FIN) values ('0','SYS',null,'ALUMNO-F0DF3C14',to_date('04/06/13','DD/MM/RR'),null);
Insert into CAMPUS.CONEXIONES (SESIONID,USUARIO,IP,MAQUINA,INICIO,FIN) values ('101172','DBSNMP','127.0.0.1','WORKGROUP\ALUMNO-F0DF3C14',to_date('04/06/13','DD/MM/RR'),to_date('04/06/13','DD/MM/RR'));
Insert into CAMPUS.CONEXIONES (SESIONID,USUARIO,IP,MAQUINA,INICIO,FIN) values ('101173','DBSNMP','127.0.0.1','WORKGROUP\ALUMNO-F0DF3C14',to_date('04/06/13','DD/MM/RR'),to_date('04/06/13','DD/MM/RR'));
Insert into CAMPUS.CONEXIONES (SESIONID,USUARIO,IP,MAQUINA,INICIO,FIN) values ('101177','DBSNMP','127.0.0.1','WORKGROUP\ALUMNO-F0DF3C14',to_date('04/06/13','DD/MM/RR'),to_date('04/06/13','DD/MM/RR'));
Insert into CAMPUS.CONEXIONES (SESIONID,USUARIO,IP,MAQUINA,INICIO,FIN) values ('101178','DBSNMP','127.0.0.1','WORKGROUP\ALUMNO-F0DF3C14',to_date('04/06/13','DD/MM/RR'),to_date('04/06/13','DD/MM/RR'));
Insert into CAMPUS.CONEXIONES (SESIONID,USUARIO,IP,MAQUINA,INICIO,FIN) values ('101179','DBSNMP','127.0.0.1','WORKGROUP\ALUMNO-F0DF3C14',to_date('04/06/13','DD/MM/RR'),to_date('04/06/13','DD/MM/RR'));
Insert into CAMPUS.CONEXIONES (SESIONID,USUARIO,IP,MAQUINA,INICIO,FIN) values ('101180','DBSNMP','127.0.0.1','WORKGROUP\ALUMNO-F0DF3C14',to_date('04/06/13','DD/MM/RR'),to_date('04/06/13','DD/MM/RR'));
Insert into CAMPUS.CONEXIONES (SESIONID,USUARIO,IP,MAQUINA,INICIO,FIN) values ('101181','DBSNMP','127.0.0.1','WORKGROUP\ALUMNO-F0DF3C14',to_date('04/06/13','DD/MM/RR'),to_date('04/06/13','DD/MM/RR'));
Insert into CAMPUS.CONEXIONES (SESIONID,USUARIO,IP,MAQUINA,INICIO,FIN) values ('0','SYS',null,'ALUMNO-F0DF3C14',to_date('04/06/13','DD/MM/RR'),null);
Insert into CAMPUS.CONEXIONES (SESIONID,USUARIO,IP,MAQUINA,INICIO,FIN) values ('0','SYS',null,'ALUMNO-F0DF3C14',to_date('04/06/13','DD/MM/RR'),null);
Insert into CAMPUS.CONEXIONES (SESIONID,USUARIO,IP,MAQUINA,INICIO,FIN) values ('0','SYS',null,'ALUMNO-F0DF3C14',to_date('04/06/13','DD/MM/RR'),null);
Insert into CAMPUS.CONEXIONES (SESIONID,USUARIO,IP,MAQUINA,INICIO,FIN) values ('101192','DBSNMP','127.0.0.1','WORKGROUP\ALUMNO-F0DF3C14',to_date('04/06/13','DD/MM/RR'),to_date('04/06/13','DD/MM/RR'));
Insert into CAMPUS.CONEXIONES (SESIONID,USUARIO,IP,MAQUINA,INICIO,FIN) values ('101193','DBSNMP','127.0.0.1','WORKGROUP\ALUMNO-F0DF3C14',to_date('04/06/13','DD/MM/RR'),to_date('04/06/13','DD/MM/RR'));
Insert into CAMPUS.CONEXIONES (SESIONID,USUARIO,IP,MAQUINA,INICIO,FIN) values ('0','SYS',null,'ALUMNO-F0DF3C14',to_date('04/06/13','DD/MM/RR'),null);
Insert into CAMPUS.CONEXIONES (SESIONID,USUARIO,IP,MAQUINA,INICIO,FIN) values ('101196','CAMPUS',null,'WORKGROUP\ALUMNO-F0DF3C14',to_date('04/06/13','DD/MM/RR'),null);
Insert into CAMPUS.CONEXIONES (SESIONID,USUARIO,IP,MAQUINA,INICIO,FIN) values ('0','SYS',null,'ALUMNO-F0DF3C14',to_date('04/06/13','DD/MM/RR'),null);
Insert into CAMPUS.CONEXIONES (SESIONID,USUARIO,IP,MAQUINA,INICIO,FIN) values ('101200','SYSTEM',null,'WORKGROUP\ALUMNO-F0DF3C14',to_date('04/06/13','DD/MM/RR'),null);
Insert into CAMPUS.CONEXIONES (SESIONID,USUARIO,IP,MAQUINA,INICIO,FIN) values ('0','SYS',null,'ALUMNO-F0DF3C14',to_date('04/06/13','DD/MM/RR'),null);
Insert into CAMPUS.CONEXIONES (SESIONID,USUARIO,IP,MAQUINA,INICIO,FIN) values ('0','SYS',null,'ALUMNO-F0DF3C14',to_date('04/06/13','DD/MM/RR'),null);
Insert into CAMPUS.CONEXIONES (SESIONID,USUARIO,IP,MAQUINA,INICIO,FIN) values ('0','SYS',null,'ALUMNO-F0DF3C14',to_date('04/06/13','DD/MM/RR'),null);
Insert into CAMPUS.CONEXIONES (SESIONID,USUARIO,IP,MAQUINA,INICIO,FIN) values ('0','SYS',null,'ALUMNO-F0DF3C14',to_date('04/06/13','DD/MM/RR'),null);
Insert into CAMPUS.CONEXIONES (SESIONID,USUARIO,IP,MAQUINA,INICIO,FIN) values ('101207','DBSNMP','127.0.0.1','WORKGROUP\ALUMNO-F0DF3C14',to_date('04/06/13','DD/MM/RR'),to_date('04/06/13','DD/MM/RR'));
Insert into CAMPUS.CONEXIONES (SESIONID,USUARIO,IP,MAQUINA,INICIO,FIN) values ('101208','DBSNMP','127.0.0.1','WORKGROUP\ALUMNO-F0DF3C14',to_date('04/06/13','DD/MM/RR'),to_date('04/06/13','DD/MM/RR'));
Insert into CAMPUS.CONEXIONES (SESIONID,USUARIO,IP,MAQUINA,INICIO,FIN) values ('101209','DBSNMP','127.0.0.1','WORKGROUP\ALUMNO-F0DF3C14',to_date('04/06/13','DD/MM/RR'),to_date('04/06/13','DD/MM/RR'));
Insert into CAMPUS.CONEXIONES (SESIONID,USUARIO,IP,MAQUINA,INICIO,FIN) values ('101210','DBSNMP','127.0.0.1','WORKGROUP\ALUMNO-F0DF3C14',to_date('04/06/13','DD/MM/RR'),to_date('04/06/13','DD/MM/RR'));
Insert into CAMPUS.CONEXIONES (SESIONID,USUARIO,IP,MAQUINA,INICIO,FIN) values ('101211','DBSNMP','127.0.0.1','WORKGROUP\ALUMNO-F0DF3C14',to_date('04/06/13','DD/MM/RR'),to_date('04/06/13','DD/MM/RR'));
Insert into CAMPUS.CONEXIONES (SESIONID,USUARIO,IP,MAQUINA,INICIO,FIN) values ('101212','DBSNMP','127.0.0.1','WORKGROUP\ALUMNO-F0DF3C14',to_date('04/06/13','DD/MM/RR'),to_date('04/06/13','DD/MM/RR'));
Insert into CAMPUS.CONEXIONES (SESIONID,USUARIO,IP,MAQUINA,INICIO,FIN) values ('0','SYS',null,'ALUMNO-F0DF3C14',to_date('04/06/13','DD/MM/RR'),null);
Insert into CAMPUS.CONEXIONES (SESIONID,USUARIO,IP,MAQUINA,INICIO,FIN) values ('0','SYS',null,'ALUMNO-F0DF3C14',to_date('04/06/13','DD/MM/RR'),null);
Insert into CAMPUS.CONEXIONES (SESIONID,USUARIO,IP,MAQUINA,INICIO,FIN) values ('0','SYS',null,'ALUMNO-F0DF3C14',to_date('04/06/13','DD/MM/RR'),null);
Insert into CAMPUS.CONEXIONES (SESIONID,USUARIO,IP,MAQUINA,INICIO,FIN) values ('0','SYS',null,'ALUMNO-F0DF3C14',to_date('04/06/13','DD/MM/RR'),null);
Insert into CAMPUS.CONEXIONES (SESIONID,USUARIO,IP,MAQUINA,INICIO,FIN) values ('0','SYS',null,'ALUMNO-F0DF3C14',to_date('04/06/13','DD/MM/RR'),null);
Insert into CAMPUS.CONEXIONES (SESIONID,USUARIO,IP,MAQUINA,INICIO,FIN) values ('101222','SYS',null,'ALUMNO-F0DF3C14',to_date('04/06/13','DD/MM/RR'),null);
Insert into CAMPUS.CONEXIONES (SESIONID,USUARIO,IP,MAQUINA,INICIO,FIN) values ('0','SYS',null,'ALUMNO-F0DF3C14',to_date('04/06/13','DD/MM/RR'),null);
Insert into CAMPUS.CONEXIONES (SESIONID,USUARIO,IP,MAQUINA,INICIO,FIN) values ('101227','DBSNMP','127.0.0.1','WORKGROUP\ALUMNO-F0DF3C14',to_date('04/06/13','DD/MM/RR'),to_date('04/06/13','DD/MM/RR'));
Insert into CAMPUS.CONEXIONES (SESIONID,USUARIO,IP,MAQUINA,INICIO,FIN) values ('0','SYS',null,'ALUMNO-F0DF3C14',to_date('04/06/13','DD/MM/RR'),null);
Insert into CAMPUS.CONEXIONES (SESIONID,USUARIO,IP,MAQUINA,INICIO,FIN) values ('101230','DBSNMP','127.0.0.1','WORKGROUP\ALUMNO-F0DF3C14',to_date('04/06/13','DD/MM/RR'),to_date('04/06/13','DD/MM/RR'));
Insert into CAMPUS.CONEXIONES (SESIONID,USUARIO,IP,MAQUINA,INICIO,FIN) values ('0','SYS',null,'ALUMNO-F0DF3C14',to_date('04/06/13','DD/MM/RR'),null);
Insert into CAMPUS.CONEXIONES (SESIONID,USUARIO,IP,MAQUINA,INICIO,FIN) values ('0','SYS',null,'ALUMNO-F0DF3C14',to_date('04/06/13','DD/MM/RR'),null);
Insert into CAMPUS.CONEXIONES (SESIONID,USUARIO,IP,MAQUINA,INICIO,FIN) values ('0','SYS',null,'ALUMNO-F0DF3C14',to_date('04/06/13','DD/MM/RR'),null);
Insert into CAMPUS.CONEXIONES (SESIONID,USUARIO,IP,MAQUINA,INICIO,FIN) values ('0','SYS',null,'ALUMNO-F0DF3C14',to_date('04/06/13','DD/MM/RR'),null);
Insert into CAMPUS.CONEXIONES (SESIONID,USUARIO,IP,MAQUINA,INICIO,FIN) values ('0','SYS',null,'ALUMNO-F0DF3C14',to_date('04/06/13','DD/MM/RR'),null);
Insert into CAMPUS.CONEXIONES (SESIONID,USUARIO,IP,MAQUINA,INICIO,FIN) values ('101239','SYSTEM',null,'WORKGROUP\ALUMNO-F0DF3C14',to_date('04/06/13','DD/MM/RR'),null);
Insert into CAMPUS.CONEXIONES (SESIONID,USUARIO,IP,MAQUINA,INICIO,FIN) values ('101240','DBSNMP','127.0.0.1','WORKGROUP\ALUMNO-F0DF3C14',to_date('04/06/13','DD/MM/RR'),to_date('04/06/13','DD/MM/RR'));
Insert into CAMPUS.CONEXIONES (SESIONID,USUARIO,IP,MAQUINA,INICIO,FIN) values ('0','SYS',null,'ALUMNO-F0DF3C14',to_date('04/06/13','DD/MM/RR'),null);
Insert into CAMPUS.CONEXIONES (SESIONID,USUARIO,IP,MAQUINA,INICIO,FIN) values ('101243','CAMPUS',null,'WORKGROUP\ALUMNO-F0DF3C14',to_date('04/06/13','DD/MM/RR'),null);
Insert into CAMPUS.CONEXIONES (SESIONID,USUARIO,IP,MAQUINA,INICIO,FIN) values ('0','SYS',null,'ALUMNO-F0DF3C14',to_date('04/06/13','DD/MM/RR'),null);
Insert into CAMPUS.CONEXIONES (SESIONID,USUARIO,IP,MAQUINA,INICIO,FIN) values ('0','SYS',null,'ALUMNO-F0DF3C14',to_date('04/06/13','DD/MM/RR'),null);
Insert into CAMPUS.CONEXIONES (SESIONID,USUARIO,IP,MAQUINA,INICIO,FIN) values ('101247','SYSTEM',null,'WORKGROUP\ALUMNO-F0DF3C14',to_date('04/06/13','DD/MM/RR'),null);
Insert into CAMPUS.CONEXIONES (SESIONID,USUARIO,IP,MAQUINA,INICIO,FIN) values ('0','SYS',null,'ALUMNO-F0DF3C14',to_date('04/06/13','DD/MM/RR'),null);
Insert into CAMPUS.CONEXIONES (SESIONID,USUARIO,IP,MAQUINA,INICIO,FIN) values ('0','SYS',null,'ALUMNO-F0DF3C14',to_date('04/06/13','DD/MM/RR'),null);
Insert into CAMPUS.CONEXIONES (SESIONID,USUARIO,IP,MAQUINA,INICIO,FIN) values ('101251','DBSNMP','127.0.0.1','WORKGROUP\ALUMNO-F0DF3C14',to_date('04/06/13','DD/MM/RR'),to_date('04/06/13','DD/MM/RR'));
Insert into CAMPUS.CONEXIONES (SESIONID,USUARIO,IP,MAQUINA,INICIO,FIN) values ('101252','DBSNMP','127.0.0.1','WORKGROUP\ALUMNO-F0DF3C14',to_date('04/06/13','DD/MM/RR'),to_date('04/06/13','DD/MM/RR'));
Insert into CAMPUS.CONEXIONES (SESIONID,USUARIO,IP,MAQUINA,INICIO,FIN) values ('0','SYS',null,'ALUMNO-F0DF3C14',to_date('04/06/13','DD/MM/RR'),null);
Insert into CAMPUS.CONEXIONES (SESIONID,USUARIO,IP,MAQUINA,INICIO,FIN) values ('0','SYS',null,'ALUMNO-F0DF3C14',to_date('04/06/13','DD/MM/RR'),null);
Insert into CAMPUS.CONEXIONES (SESIONID,USUARIO,IP,MAQUINA,INICIO,FIN) values ('0','SYS',null,'ALUMNO-F0DF3C14',to_date('04/06/13','DD/MM/RR'),null);
Insert into CAMPUS.CONEXIONES (SESIONID,USUARIO,IP,MAQUINA,INICIO,FIN) values ('0','SYS',null,'ALUMNO-F0DF3C14',to_date('04/06/13','DD/MM/RR'),null);
Insert into CAMPUS.CONEXIONES (SESIONID,USUARIO,IP,MAQUINA,INICIO,FIN) values ('0','SYS',null,'ALUMNO-F0DF3C14',to_date('04/06/13','DD/MM/RR'),null);
Insert into CAMPUS.CONEXIONES (SESIONID,USUARIO,IP,MAQUINA,INICIO,FIN) values ('0','SYS',null,'ALUMNO-F0DF3C14',to_date('04/06/13','DD/MM/RR'),null);
Insert into CAMPUS.CONEXIONES (SESIONID,USUARIO,IP,MAQUINA,INICIO,FIN) values ('101261','DBSNMP','127.0.0.1','WORKGROUP\ALUMNO-F0DF3C14',to_date('04/06/13','DD/MM/RR'),to_date('04/06/13','DD/MM/RR'));
Insert into CAMPUS.CONEXIONES (SESIONID,USUARIO,IP,MAQUINA,INICIO,FIN) values ('101262','DBSNMP','127.0.0.1','WORKGROUP\ALUMNO-F0DF3C14',to_date('04/06/13','DD/MM/RR'),to_date('04/06/13','DD/MM/RR'));
Insert into CAMPUS.CONEXIONES (SESIONID,USUARIO,IP,MAQUINA,INICIO,FIN) values ('0','SYS',null,'ALUMNO-F0DF3C14',to_date('04/06/13','DD/MM/RR'),null);
Insert into CAMPUS.CONEXIONES (SESIONID,USUARIO,IP,MAQUINA,INICIO,FIN) values ('0','SYS',null,'ALUMNO-F0DF3C14',to_date('04/06/13','DD/MM/RR'),null);
Insert into CAMPUS.CONEXIONES (SESIONID,USUARIO,IP,MAQUINA,INICIO,FIN) values ('0','SYS',null,'ALUMNO-F0DF3C14',to_date('04/06/13','DD/MM/RR'),null);
Insert into CAMPUS.CONEXIONES (SESIONID,USUARIO,IP,MAQUINA,INICIO,FIN) values ('0','SYS',null,'ALUMNO-F0DF3C14',to_date('04/06/13','DD/MM/RR'),null);
Insert into CAMPUS.CONEXIONES (SESIONID,USUARIO,IP,MAQUINA,INICIO,FIN) values ('101270','DBSNMP','127.0.0.1','WORKGROUP\ALUMNO-F0DF3C14',to_date('04/06/13','DD/MM/RR'),to_date('04/06/13','DD/MM/RR'));
Insert into CAMPUS.CONEXIONES (SESIONID,USUARIO,IP,MAQUINA,INICIO,FIN) values ('0','SYS',null,'ALUMNO-F0DF3C14',to_date('04/06/13','DD/MM/RR'),null);
Insert into CAMPUS.CONEXIONES (SESIONID,USUARIO,IP,MAQUINA,INICIO,FIN) values ('101272','DBSNMP','127.0.0.1','WORKGROUP\ALUMNO-F0DF3C14',to_date('04/06/13','DD/MM/RR'),to_date('04/06/13','DD/MM/RR'));
Insert into CAMPUS.CONEXIONES (SESIONID,USUARIO,IP,MAQUINA,INICIO,FIN) values ('101273','DBSNMP','127.0.0.1','WORKGROUP\ALUMNO-F0DF3C14',to_date('04/06/13','DD/MM/RR'),to_date('04/06/13','DD/MM/RR'));
Insert into CAMPUS.CONEXIONES (SESIONID,USUARIO,IP,MAQUINA,INICIO,FIN) values ('0','SYS',null,'ALUMNO-F0DF3C14',to_date('04/06/13','DD/MM/RR'),null);
Insert into CAMPUS.CONEXIONES (SESIONID,USUARIO,IP,MAQUINA,INICIO,FIN) values ('0','SYS',null,'ALUMNO-F0DF3C14',to_date('04/06/13','DD/MM/RR'),null);
Insert into CAMPUS.CONEXIONES (SESIONID,USUARIO,IP,MAQUINA,INICIO,FIN) values ('0','SYS',null,'ALUMNO-F0DF3C14',to_date('04/06/13','DD/MM/RR'),null);
Insert into CAMPUS.CONEXIONES (SESIONID,USUARIO,IP,MAQUINA,INICIO,FIN) values ('101278','SYSTEM',null,'WORKGROUP\ALUMNO-F0DF3C14',to_date('04/06/13','DD/MM/RR'),null);
Insert into CAMPUS.CONEXIONES (SESIONID,USUARIO,IP,MAQUINA,INICIO,FIN) values ('0','SYS',null,'ALUMNO-F0DF3C14',to_date('04/06/13','DD/MM/RR'),null);
Insert into CAMPUS.CONEXIONES (SESIONID,USUARIO,IP,MAQUINA,INICIO,FIN) values ('0','SYS',null,'ALUMNO-F0DF3C14',to_date('04/06/13','DD/MM/RR'),null);
Insert into CAMPUS.CONEXIONES (SESIONID,USUARIO,IP,MAQUINA,INICIO,FIN) values ('0','SYS',null,'ALUMNO-F0DF3C14',to_date('04/06/13','DD/MM/RR'),null);
Insert into CAMPUS.CONEXIONES (SESIONID,USUARIO,IP,MAQUINA,INICIO,FIN) values ('101285','DBSNMP','127.0.0.1','WORKGROUP\ALUMNO-F0DF3C14',to_date('04/06/13','DD/MM/RR'),to_date('04/06/13','DD/MM/RR'));
Insert into CAMPUS.CONEXIONES (SESIONID,USUARIO,IP,MAQUINA,INICIO,FIN) values ('101286','DBSNMP','127.0.0.1','WORKGROUP\ALUMNO-F0DF3C14',to_date('04/06/13','DD/MM/RR'),to_date('04/06/13','DD/MM/RR'));
Insert into CAMPUS.CONEXIONES (SESIONID,USUARIO,IP,MAQUINA,INICIO,FIN) values ('0','SYS',null,'ALUMNO-F0DF3C14',to_date('04/06/13','DD/MM/RR'),null);
Insert into CAMPUS.CONEXIONES (SESIONID,USUARIO,IP,MAQUINA,INICIO,FIN) values ('0','SYS',null,'ALUMNO-F0DF3C14',to_date('04/06/13','DD/MM/RR'),null);
Insert into CAMPUS.CONEXIONES (SESIONID,USUARIO,IP,MAQUINA,INICIO,FIN) values ('101291','CAMPUS',null,'WORKGROUP\ALUMNO-F0DF3C14',to_date('04/06/13','DD/MM/RR'),null);
Insert into CAMPUS.CONEXIONES (SESIONID,USUARIO,IP,MAQUINA,INICIO,FIN) values ('101292','CAMPUS',null,'WORKGROUP\ALUMNO-F0DF3C14',to_date('04/06/13','DD/MM/RR'),null);
Insert into CAMPUS.CONEXIONES (SESIONID,USUARIO,IP,MAQUINA,INICIO,FIN) values ('0','SYS',null,'ALUMNO-F0DF3C14',to_date('04/06/13','DD/MM/RR'),null);
Insert into CAMPUS.CONEXIONES (SESIONID,USUARIO,IP,MAQUINA,INICIO,FIN) values ('0','SYS',null,'ALUMNO-F0DF3C14',to_date('04/06/13','DD/MM/RR'),null);
Insert into CAMPUS.CONEXIONES (SESIONID,USUARIO,IP,MAQUINA,INICIO,FIN) values ('0','SYS',null,'ALUMNO-F0DF3C14',to_date('04/06/13','DD/MM/RR'),null);
Insert into CAMPUS.CONEXIONES (SESIONID,USUARIO,IP,MAQUINA,INICIO,FIN) values ('101299','DBSNMP','127.0.0.1','WORKGROUP\ALUMNO-F0DF3C14',to_date('04/06/13','DD/MM/RR'),to_date('04/06/13','DD/MM/RR'));
Insert into CAMPUS.CONEXIONES (SESIONID,USUARIO,IP,MAQUINA,INICIO,FIN) values ('101300','DBSNMP','127.0.0.1','WORKGROUP\ALUMNO-F0DF3C14',to_date('04/06/13','DD/MM/RR'),to_date('04/06/13','DD/MM/RR'));
Insert into CAMPUS.CONEXIONES (SESIONID,USUARIO,IP,MAQUINA,INICIO,FIN) values ('0','SYS',null,'ALUMNO-F0DF3C14',to_date('04/06/13','DD/MM/RR'),null);
Insert into CAMPUS.CONEXIONES (SESIONID,USUARIO,IP,MAQUINA,INICIO,FIN) values ('0','SYS',null,'ALUMNO-F0DF3C14',to_date('04/06/13','DD/MM/RR'),null);
Insert into CAMPUS.CONEXIONES (SESIONID,USUARIO,IP,MAQUINA,INICIO,FIN) values ('0','SYS',null,'ALUMNO-F0DF3C14',to_date('04/06/13','DD/MM/RR'),null);
Insert into CAMPUS.CONEXIONES (SESIONID,USUARIO,IP,MAQUINA,INICIO,FIN) values ('0','SYS',null,'ALUMNO-F0DF3C14',to_date('04/06/13','DD/MM/RR'),null);
Insert into CAMPUS.CONEXIONES (SESIONID,USUARIO,IP,MAQUINA,INICIO,FIN) values ('0','SYS',null,'ALUMNO-F0DF3C14',to_date('04/06/13','DD/MM/RR'),null);
Insert into CAMPUS.CONEXIONES (SESIONID,USUARIO,IP,MAQUINA,INICIO,FIN) values ('0','SYS',null,'ALUMNO-F0DF3C14',to_date('04/06/13','DD/MM/RR'),null);
Insert into CAMPUS.CONEXIONES (SESIONID,USUARIO,IP,MAQUINA,INICIO,FIN) values ('101313','DBSNMP','127.0.0.1','WORKGROUP\ALUMNO-F0DF3C14',to_date('04/06/13','DD/MM/RR'),to_date('04/06/13','DD/MM/RR'));
Insert into CAMPUS.CONEXIONES (SESIONID,USUARIO,IP,MAQUINA,INICIO,FIN) values ('101314','DBSNMP','127.0.0.1','WORKGROUP\ALUMNO-F0DF3C14',to_date('04/06/13','DD/MM/RR'),to_date('04/06/13','DD/MM/RR'));
Insert into CAMPUS.CONEXIONES (SESIONID,USUARIO,IP,MAQUINA,INICIO,FIN) values ('0','SYS',null,'ALUMNO-F0DF3C14',to_date('04/06/13','DD/MM/RR'),null);
Insert into CAMPUS.CONEXIONES (SESIONID,USUARIO,IP,MAQUINA,INICIO,FIN) values ('0','SYS',null,'ALUMNO-F0DF3C14',to_date('04/06/13','DD/MM/RR'),null);
Insert into CAMPUS.CONEXIONES (SESIONID,USUARIO,IP,MAQUINA,INICIO,FIN) values ('0','SYS',null,'ALUMNO-F0DF3C14',to_date('04/06/13','DD/MM/RR'),null);
Insert into CAMPUS.CONEXIONES (SESIONID,USUARIO,IP,MAQUINA,INICIO,FIN) values ('0','SYS',null,'ALUMNO-F0DF3C14',to_date('04/06/13','DD/MM/RR'),null);
Insert into CAMPUS.CONEXIONES (SESIONID,USUARIO,IP,MAQUINA,INICIO,FIN) values ('0','SYS',null,'ALUMNO-F0DF3C14',to_date('04/06/13','DD/MM/RR'),null);
Insert into CAMPUS.CONEXIONES (SESIONID,USUARIO,IP,MAQUINA,INICIO,FIN) values ('101326','DBSNMP','127.0.0.1','WORKGROUP\ALUMNO-F0DF3C14',to_date('04/06/13','DD/MM/RR'),to_date('04/06/13','DD/MM/RR'));
Insert into CAMPUS.CONEXIONES (SESIONID,USUARIO,IP,MAQUINA,INICIO,FIN) values ('101327','DBSNMP','127.0.0.1','WORKGROUP\ALUMNO-F0DF3C14',to_date('04/06/13','DD/MM/RR'),to_date('04/06/13','DD/MM/RR'));
Insert into CAMPUS.CONEXIONES (SESIONID,USUARIO,IP,MAQUINA,INICIO,FIN) values ('0','SYS',null,'ALUMNO-F0DF3C14',to_date('04/06/13','DD/MM/RR'),null);
Insert into CAMPUS.CONEXIONES (SESIONID,USUARIO,IP,MAQUINA,INICIO,FIN) values ('0','SYS',null,'ALUMNO-F0DF3C14',to_date('04/06/13','DD/MM/RR'),null);
Insert into CAMPUS.CONEXIONES (SESIONID,USUARIO,IP,MAQUINA,INICIO,FIN) values ('0','SYS',null,'ALUMNO-F0DF3C14',to_date('04/06/13','DD/MM/RR'),null);
Insert into CAMPUS.CONEXIONES (SESIONID,USUARIO,IP,MAQUINA,INICIO,FIN) values ('0','SYS',null,'ALUMNO-F0DF3C14',to_date('04/06/13','DD/MM/RR'),null);
Insert into CAMPUS.CONEXIONES (SESIONID,USUARIO,IP,MAQUINA,INICIO,FIN) values ('0','SYS',null,'ALUMNO-F0DF3C14',to_date('04/06/13','DD/MM/RR'),null);
Insert into CAMPUS.CONEXIONES (SESIONID,USUARIO,IP,MAQUINA,INICIO,FIN) values ('0','SYS',null,'ALUMNO-F0DF3C14',to_date('04/06/13','DD/MM/RR'),null);
Insert into CAMPUS.CONEXIONES (SESIONID,USUARIO,IP,MAQUINA,INICIO,FIN) values ('101335','DBSNMP','127.0.0.1','WORKGROUP\ALUMNO-F0DF3C14',to_date('04/06/13','DD/MM/RR'),to_date('04/06/13','DD/MM/RR'));
Insert into CAMPUS.CONEXIONES (SESIONID,USUARIO,IP,MAQUINA,INICIO,FIN) values ('101336','DBSNMP','127.0.0.1','WORKGROUP\ALUMNO-F0DF3C14',to_date('04/06/13','DD/MM/RR'),to_date('04/06/13','DD/MM/RR'));
Insert into CAMPUS.CONEXIONES (SESIONID,USUARIO,IP,MAQUINA,INICIO,FIN) values ('0','SYS',null,'ALUMNO-F0DF3C14',to_date('04/06/13','DD/MM/RR'),null);
Insert into CAMPUS.CONEXIONES (SESIONID,USUARIO,IP,MAQUINA,INICIO,FIN) values ('0','SYS',null,'ALUMNO-F0DF3C14',to_date('04/06/13','DD/MM/RR'),null);
Insert into CAMPUS.CONEXIONES (SESIONID,USUARIO,IP,MAQUINA,INICIO,FIN) values ('0','SYS',null,'ALUMNO-F0DF3C14',to_date('04/06/13','DD/MM/RR'),null);
Insert into CAMPUS.CONEXIONES (SESIONID,USUARIO,IP,MAQUINA,INICIO,FIN) values ('0','SYS',null,'ALUMNO-F0DF3C14',to_date('04/06/13','DD/MM/RR'),null);
Insert into CAMPUS.CONEXIONES (SESIONID,USUARIO,IP,MAQUINA,INICIO,FIN) values ('0','SYS',null,'ALUMNO-F0DF3C14',to_date('04/06/13','DD/MM/RR'),null);
Insert into CAMPUS.CONEXIONES (SESIONID,USUARIO,IP,MAQUINA,INICIO,FIN) values ('101345','DBSNMP','127.0.0.1','WORKGROUP\ALUMNO-F0DF3C14',to_date('04/06/13','DD/MM/RR'),to_date('04/06/13','DD/MM/RR'));
Insert into CAMPUS.CONEXIONES (SESIONID,USUARIO,IP,MAQUINA,INICIO,FIN) values ('101346','DBSNMP','127.0.0.1','WORKGROUP\ALUMNO-F0DF3C14',to_date('04/06/13','DD/MM/RR'),to_date('04/06/13','DD/MM/RR'));
Insert into CAMPUS.CONEXIONES (SESIONID,USUARIO,IP,MAQUINA,INICIO,FIN) values ('0','SYS',null,'ALUMNO-F0DF3C14',to_date('04/06/13','DD/MM/RR'),null);
Insert into CAMPUS.CONEXIONES (SESIONID,USUARIO,IP,MAQUINA,INICIO,FIN) values ('0','SYS',null,'ALUMNO-F0DF3C14',to_date('04/06/13','DD/MM/RR'),null);
Insert into CAMPUS.CONEXIONES (SESIONID,USUARIO,IP,MAQUINA,INICIO,FIN) values ('0','SYS',null,'ALUMNO-F0DF3C14',to_date('04/06/13','DD/MM/RR'),null);
Insert into CAMPUS.CONEXIONES (SESIONID,USUARIO,IP,MAQUINA,INICIO,FIN) values ('101354','SYS',null,'ALUMNO-F0DF3C14',to_date('04/06/13','DD/MM/RR'),null);
Insert into CAMPUS.CONEXIONES (SESIONID,USUARIO,IP,MAQUINA,INICIO,FIN) values ('101355','SYS',null,'ALUMNO-F0DF3C14',to_date('04/06/13','DD/MM/RR'),null);
Insert into CAMPUS.CONEXIONES (SESIONID,USUARIO,IP,MAQUINA,INICIO,FIN) values ('101360','DBSNMP','127.0.0.1','WORKGROUP\ALUMNO-F0DF3C14',to_date('04/06/13','DD/MM/RR'),to_date('04/06/13','DD/MM/RR'));
Insert into CAMPUS.CONEXIONES (SESIONID,USUARIO,IP,MAQUINA,INICIO,FIN) values ('101361','DBSNMP','127.0.0.1','WORKGROUP\ALUMNO-F0DF3C14',to_date('04/06/13','DD/MM/RR'),to_date('04/06/13','DD/MM/RR'));
Insert into CAMPUS.CONEXIONES (SESIONID,USUARIO,IP,MAQUINA,INICIO,FIN) values ('101362','DBSNMP','127.0.0.1','WORKGROUP\ALUMNO-F0DF3C14',to_date('04/06/13','DD/MM/RR'),to_date('04/06/13','DD/MM/RR'));
Insert into CAMPUS.CONEXIONES (SESIONID,USUARIO,IP,MAQUINA,INICIO,FIN) values ('101364','DBSNMP','127.0.0.1','WORKGROUP\ALUMNO-F0DF3C14',to_date('04/06/13','DD/MM/RR'),to_date('04/06/13','DD/MM/RR'));
Insert into CAMPUS.CONEXIONES (SESIONID,USUARIO,IP,MAQUINA,INICIO,FIN) values ('101368','DBSNMP','127.0.0.1','WORKGROUP\ALUMNO-F0DF3C14',to_date('04/06/13','DD/MM/RR'),to_date('04/06/13','DD/MM/RR'));
Insert into CAMPUS.CONEXIONES (SESIONID,USUARIO,IP,MAQUINA,INICIO,FIN) values ('101369','DBSNMP','127.0.0.1','WORKGROUP\ALUMNO-F0DF3C14',to_date('04/06/13','DD/MM/RR'),to_date('04/06/13','DD/MM/RR'));
Insert into CAMPUS.CONEXIONES (SESIONID,USUARIO,IP,MAQUINA,INICIO,FIN) values ('0','SYS',null,'ALUMNO-F0DF3C14',to_date('04/06/13','DD/MM/RR'),null);
Insert into CAMPUS.CONEXIONES (SESIONID,USUARIO,IP,MAQUINA,INICIO,FIN) values ('101371','SYS',null,'ALUMNO-F0DF3C14',to_date('04/06/13','DD/MM/RR'),null);
Insert into CAMPUS.CONEXIONES (SESIONID,USUARIO,IP,MAQUINA,INICIO,FIN) values ('0','SYS',null,'ALUMNO-F0DF3C14',to_date('04/06/13','DD/MM/RR'),null);
Insert into CAMPUS.CONEXIONES (SESIONID,USUARIO,IP,MAQUINA,INICIO,FIN) values ('0','SYS',null,'ALUMNO-F0DF3C14',to_date('04/06/13','DD/MM/RR'),null);
Insert into CAMPUS.CONEXIONES (SESIONID,USUARIO,IP,MAQUINA,INICIO,FIN) values ('101375','CAMPUS',null,'WORKGROUP\ALUMNO-F0DF3C14',to_date('04/06/13','DD/MM/RR'),null);
Insert into CAMPUS.CONEXIONES (SESIONID,USUARIO,IP,MAQUINA,INICIO,FIN) values ('4294967295','SYS',null,'WORKGROUP\ALUMNO-F0DF3C14',to_date('04/06/13','DD/MM/RR'),null);
Insert into CAMPUS.CONEXIONES (SESIONID,USUARIO,IP,MAQUINA,INICIO,FIN) values ('4294967295','SYS',null,'WORKGROUP\ALUMNO-F0DF3C14',to_date('04/06/13','DD/MM/RR'),null);
Insert into CAMPUS.CONEXIONES (SESIONID,USUARIO,IP,MAQUINA,INICIO,FIN) values ('4294967295','SYS',null,'WORKGROUP\ALUMNO-F0DF3C14',to_date('04/06/13','DD/MM/RR'),null);
Insert into CAMPUS.CONEXIONES (SESIONID,USUARIO,IP,MAQUINA,INICIO,FIN) values ('4294967295','SYS',null,'WORKGROUP\ALUMNO-F0DF3C14',to_date('04/06/13','DD/MM/RR'),null);
Insert into CAMPUS.CONEXIONES (SESIONID,USUARIO,IP,MAQUINA,INICIO,FIN) values ('4294967295','SYS',null,'WORKGROUP\ALUMNO-F0DF3C14',to_date('04/06/13','DD/MM/RR'),null);
Insert into CAMPUS.CONEXIONES (SESIONID,USUARIO,IP,MAQUINA,INICIO,FIN) values ('101419','SYSTEM',null,'WORKGROUP\ALUMNO-F0DF3C14',to_date('04/06/13','DD/MM/RR'),null);
Insert into CAMPUS.CONEXIONES (SESIONID,USUARIO,IP,MAQUINA,INICIO,FIN) values ('101420','SYSTEM',null,'WORKGROUP\ALUMNO-F0DF3C14',to_date('04/06/13','DD/MM/RR'),null);
Insert into CAMPUS.CONEXIONES (SESIONID,USUARIO,IP,MAQUINA,INICIO,FIN) values ('101421','CAMPUS',null,'WORKGROUP\ALUMNO-F0DF3C14',to_date('04/06/13','DD/MM/RR'),null);
Insert into CAMPUS.CONEXIONES (SESIONID,USUARIO,IP,MAQUINA,INICIO,FIN) values ('101436','CAMPUS',null,'WORKGROUP\ALUMNO-F0DF3C14',to_date('04/06/13','DD/MM/RR'),null);
Insert into CAMPUS.CONEXIONES (SESIONID,USUARIO,IP,MAQUINA,INICIO,FIN) values ('101457','CAMPUS',null,'WORKGROUP\ALUMNO-F0DF3C14',to_date('04/06/13','DD/MM/RR'),null);
Insert into CAMPUS.CONEXIONES (SESIONID,USUARIO,IP,MAQUINA,INICIO,FIN) values ('0','SYS',null,'ALUMNO-F0DF3C14',to_date('04/06/13','DD/MM/RR'),null);
Insert into CAMPUS.CONEXIONES (SESIONID,USUARIO,IP,MAQUINA,INICIO,FIN) values ('0','SYS',null,'ALUMNO-F0DF3C14',to_date('04/06/13','DD/MM/RR'),null);
Insert into CAMPUS.CONEXIONES (SESIONID,USUARIO,IP,MAQUINA,INICIO,FIN) values ('0','SYS',null,'ALUMNO-F0DF3C14',to_date('04/06/13','DD/MM/RR'),null);
Insert into CAMPUS.CONEXIONES (SESIONID,USUARIO,IP,MAQUINA,INICIO,FIN) values ('101171','DBSNMP','127.0.0.1','WORKGROUP\ALUMNO-F0DF3C14',to_date('04/06/13','DD/MM/RR'),to_date('04/06/13','DD/MM/RR'));
Insert into CAMPUS.CONEXIONES (SESIONID,USUARIO,IP,MAQUINA,INICIO,FIN) values ('101202','CAMPUS',null,'WORKGROUP\ALUMNO-F0DF3C14',to_date('04/06/13','DD/MM/RR'),null);
Insert into CAMPUS.CONEXIONES (SESIONID,USUARIO,IP,MAQUINA,INICIO,FIN) values ('101238','SYSMAN','127.0.0.1','alumno-f0df3c14',to_date('04/06/13','DD/MM/RR'),to_date('04/06/13','DD/MM/RR'));
Insert into CAMPUS.CONEXIONES (SESIONID,USUARIO,IP,MAQUINA,INICIO,FIN) values ('101257','SYSTEM',null,'WORKGROUP\ALUMNO-F0DF3C14',to_date('04/06/13','DD/MM/RR'),null);
Insert into CAMPUS.CONEXIONES (SESIONID,USUARIO,IP,MAQUINA,INICIO,FIN) values ('101265','DBSNMP','127.0.0.1','WORKGROUP\ALUMNO-F0DF3C14',to_date('04/06/13','DD/MM/RR'),to_date('04/06/13','DD/MM/RR'));
Insert into CAMPUS.CONEXIONES (SESIONID,USUARIO,IP,MAQUINA,INICIO,FIN) values ('101267','SYSTEM',null,'WORKGROUP\ALUMNO-F0DF3C14',to_date('04/06/13','DD/MM/RR'),null);
Insert into CAMPUS.CONEXIONES (SESIONID,USUARIO,IP,MAQUINA,INICIO,FIN) values ('101269','DBSNMP','127.0.0.1','WORKGROUP\ALUMNO-F0DF3C14',to_date('04/06/13','DD/MM/RR'),to_date('04/06/13','DD/MM/RR'));
Insert into CAMPUS.CONEXIONES (SESIONID,USUARIO,IP,MAQUINA,INICIO,FIN) values ('101276','DBSNMP','127.0.0.1','WORKGROUP\ALUMNO-F0DF3C14',to_date('04/06/13','DD/MM/RR'),to_date('04/06/13','DD/MM/RR'));
Insert into CAMPUS.CONEXIONES (SESIONID,USUARIO,IP,MAQUINA,INICIO,FIN) values ('101281','SYSTEM',null,'WORKGROUP\ALUMNO-F0DF3C14',to_date('04/06/13','DD/MM/RR'),null);
Insert into CAMPUS.CONEXIONES (SESIONID,USUARIO,IP,MAQUINA,INICIO,FIN) values ('101282','CAMPUS',null,'WORKGROUP\ALUMNO-F0DF3C14',to_date('04/06/13','DD/MM/RR'),null);
Insert into CAMPUS.CONEXIONES (SESIONID,USUARIO,IP,MAQUINA,INICIO,FIN) values ('101284','DBSNMP','127.0.0.1','WORKGROUP\ALUMNO-F0DF3C14',to_date('04/06/13','DD/MM/RR'),to_date('04/06/13','DD/MM/RR'));
Insert into CAMPUS.CONEXIONES (SESIONID,USUARIO,IP,MAQUINA,INICIO,FIN) values ('101288','CAMPUS',null,'WORKGROUP\ALUMNO-F0DF3C14',to_date('04/06/13','DD/MM/RR'),null);
Insert into CAMPUS.CONEXIONES (SESIONID,USUARIO,IP,MAQUINA,INICIO,FIN) values ('101290','DBSNMP','127.0.0.1','WORKGROUP\ALUMNO-F0DF3C14',to_date('04/06/13','DD/MM/RR'),to_date('04/06/13','DD/MM/RR'));
Insert into CAMPUS.CONEXIONES (SESIONID,USUARIO,IP,MAQUINA,INICIO,FIN) values ('101295','SYSTEM',null,'WORKGROUP\ALUMNO-F0DF3C14',to_date('04/06/13','DD/MM/RR'),null);
Insert into CAMPUS.CONEXIONES (SESIONID,USUARIO,IP,MAQUINA,INICIO,FIN) values ('101296','CAMPUS',null,'WORKGROUP\ALUMNO-F0DF3C14',to_date('04/06/13','DD/MM/RR'),null);
Insert into CAMPUS.CONEXIONES (SESIONID,USUARIO,IP,MAQUINA,INICIO,FIN) values ('101298','CAMPUS',null,'WORKGROUP\ALUMNO-F0DF3C14',to_date('04/06/13','DD/MM/RR'),null);
Insert into CAMPUS.CONEXIONES (SESIONID,USUARIO,IP,MAQUINA,INICIO,FIN) values ('101302','CAMPUS',null,'WORKGROUP\ALUMNO-F0DF3C14',to_date('04/06/13','DD/MM/RR'),null);
Insert into CAMPUS.CONEXIONES (SESIONID,USUARIO,IP,MAQUINA,INICIO,FIN) values ('101303','CAMPUS',null,'WORKGROUP\ALUMNO-F0DF3C14',to_date('04/06/13','DD/MM/RR'),null);
Insert into CAMPUS.CONEXIONES (SESIONID,USUARIO,IP,MAQUINA,INICIO,FIN) values ('101305','DBSNMP','127.0.0.1','WORKGROUP\ALUMNO-F0DF3C14',to_date('04/06/13','DD/MM/RR'),to_date('04/06/13','DD/MM/RR'));
Insert into CAMPUS.CONEXIONES (SESIONID,USUARIO,IP,MAQUINA,INICIO,FIN) values ('101306','SYSTEM',null,'WORKGROUP\ALUMNO-F0DF3C14',to_date('04/06/13','DD/MM/RR'),null);
Insert into CAMPUS.CONEXIONES (SESIONID,USUARIO,IP,MAQUINA,INICIO,FIN) values ('101312','CAMPUS',null,'WORKGROUP\ALUMNO-F0DF3C14',to_date('04/06/13','DD/MM/RR'),null);
Insert into CAMPUS.CONEXIONES (SESIONID,USUARIO,IP,MAQUINA,INICIO,FIN) values ('101316','CAMPUS',null,'WORKGROUP\ALUMNO-F0DF3C14',to_date('04/06/13','DD/MM/RR'),null);
Insert into CAMPUS.CONEXIONES (SESIONID,USUARIO,IP,MAQUINA,INICIO,FIN) values ('101317','SYSTEM',null,'WORKGROUP\ALUMNO-F0DF3C14',to_date('04/06/13','DD/MM/RR'),null);
Insert into CAMPUS.CONEXIONES (SESIONID,USUARIO,IP,MAQUINA,INICIO,FIN) values ('101319','DBSNMP','127.0.0.1','WORKGROUP\ALUMNO-F0DF3C14',to_date('04/06/13','DD/MM/RR'),to_date('04/06/13','DD/MM/RR'));
Insert into CAMPUS.CONEXIONES (SESIONID,USUARIO,IP,MAQUINA,INICIO,FIN) values ('101320','SYSTEM',null,'WORKGROUP\ALUMNO-F0DF3C14',to_date('04/06/13','DD/MM/RR'),null);
Insert into CAMPUS.CONEXIONES (SESIONID,USUARIO,IP,MAQUINA,INICIO,FIN) values ('101321','CAMPUS',null,'WORKGROUP\ALUMNO-F0DF3C14',to_date('04/06/13','DD/MM/RR'),null);
Insert into CAMPUS.CONEXIONES (SESIONID,USUARIO,IP,MAQUINA,INICIO,FIN) values ('101325','DBSNMP','127.0.0.1','WORKGROUP\ALUMNO-F0DF3C14',to_date('04/06/13','DD/MM/RR'),to_date('04/06/13','DD/MM/RR'));
Insert into CAMPUS.CONEXIONES (SESIONID,USUARIO,IP,MAQUINA,INICIO,FIN) values ('101330','DBSNMP','127.0.0.1','WORKGROUP\ALUMNO-F0DF3C14',to_date('04/06/13','DD/MM/RR'),to_date('04/06/13','DD/MM/RR'));
Insert into CAMPUS.CONEXIONES (SESIONID,USUARIO,IP,MAQUINA,INICIO,FIN) values ('101339','DBSNMP','127.0.0.1','WORKGROUP\ALUMNO-F0DF3C14',to_date('04/06/13','DD/MM/RR'),to_date('04/06/13','DD/MM/RR'));
Insert into CAMPUS.CONEXIONES (SESIONID,USUARIO,IP,MAQUINA,INICIO,FIN) values ('101342','DBSNMP','127.0.0.1','WORKGROUP\ALUMNO-F0DF3C14',to_date('04/06/13','DD/MM/RR'),to_date('04/06/13','DD/MM/RR'));
Insert into CAMPUS.CONEXIONES (SESIONID,USUARIO,IP,MAQUINA,INICIO,FIN) values ('101343','DBSNMP','127.0.0.1','WORKGROUP\ALUMNO-F0DF3C14',to_date('04/06/13','DD/MM/RR'),to_date('04/06/13','DD/MM/RR'));
Insert into CAMPUS.CONEXIONES (SESIONID,USUARIO,IP,MAQUINA,INICIO,FIN) values ('101349','DBSNMP','127.0.0.1','WORKGROUP\ALUMNO-F0DF3C14',to_date('04/06/13','DD/MM/RR'),to_date('04/06/13','DD/MM/RR'));
Insert into CAMPUS.CONEXIONES (SESIONID,USUARIO,IP,MAQUINA,INICIO,FIN) values ('101352','SYS',null,'ALUMNO-F0DF3C14',to_date('04/06/13','DD/MM/RR'),null);
Insert into CAMPUS.CONEXIONES (SESIONID,USUARIO,IP,MAQUINA,INICIO,FIN) values ('0','SYS',null,'ALUMNO-F0DF3C14',to_date('04/06/13','DD/MM/RR'),null);
Insert into CAMPUS.CONEXIONES (SESIONID,USUARIO,IP,MAQUINA,INICIO,FIN) values ('101363','DBSNMP','127.0.0.1','WORKGROUP\ALUMNO-F0DF3C14',to_date('04/06/13','DD/MM/RR'),to_date('04/06/13','DD/MM/RR'));
Insert into CAMPUS.CONEXIONES (SESIONID,USUARIO,IP,MAQUINA,INICIO,FIN) values ('101365','DBSNMP','127.0.0.1','WORKGROUP\ALUMNO-F0DF3C14',to_date('04/06/13','DD/MM/RR'),to_date('04/06/13','DD/MM/RR'));
Insert into CAMPUS.CONEXIONES (SESIONID,USUARIO,IP,MAQUINA,INICIO,FIN) values ('101367','DBSNMP','127.0.0.1','WORKGROUP\ALUMNO-F0DF3C14',to_date('04/06/13','DD/MM/RR'),to_date('04/06/13','DD/MM/RR'));
Insert into CAMPUS.CONEXIONES (SESIONID,USUARIO,IP,MAQUINA,INICIO,FIN) values ('101372','DBSNMP','127.0.0.1','WORKGROUP\ALUMNO-F0DF3C14',to_date('04/06/13','DD/MM/RR'),to_date('04/06/13','DD/MM/RR'));
Insert into CAMPUS.CONEXIONES (SESIONID,USUARIO,IP,MAQUINA,INICIO,FIN) values ('0','SYS',null,'ALUMNO-F0DF3C14',to_date('04/06/13','DD/MM/RR'),null);
Insert into CAMPUS.CONEXIONES (SESIONID,USUARIO,IP,MAQUINA,INICIO,FIN) values ('101476','DBSNMP','127.0.0.1','WORKGROUP\ALUMNO-F0DF3C14',to_date('04/06/13','DD/MM/RR'),to_date('04/06/13','DD/MM/RR'));
Insert into CAMPUS.CONEXIONES (SESIONID,USUARIO,IP,MAQUINA,INICIO,FIN) values ('101477','DBSNMP','127.0.0.1','WORKGROUP\ALUMNO-F0DF3C14',to_date('04/06/13','DD/MM/RR'),to_date('04/06/13','DD/MM/RR'));
Insert into CAMPUS.CONEXIONES (SESIONID,USUARIO,IP,MAQUINA,INICIO,FIN) values ('0','SYS',null,'ALUMNO-F0DF3C14',to_date('04/06/13','DD/MM/RR'),null);
Insert into CAMPUS.CONEXIONES (SESIONID,USUARIO,IP,MAQUINA,INICIO,FIN) values ('101479','DBSNMP','127.0.0.1','WORKGROUP\ALUMNO-F0DF3C14',to_date('04/06/13','DD/MM/RR'),to_date('04/06/13','DD/MM/RR'));
Insert into CAMPUS.CONEXIONES (SESIONID,USUARIO,IP,MAQUINA,INICIO,FIN) values ('0','SYS',null,'ALUMNO-F0DF3C14',to_date('04/06/13','DD/MM/RR'),null);
Insert into CAMPUS.CONEXIONES (SESIONID,USUARIO,IP,MAQUINA,INICIO,FIN) values ('0','SYS',null,'ALUMNO-F0DF3C14',to_date('04/06/13','DD/MM/RR'),null);
Insert into CAMPUS.CONEXIONES (SESIONID,USUARIO,IP,MAQUINA,INICIO,FIN) values ('0','SYS',null,'ALUMNO-F0DF3C14',to_date('04/06/13','DD/MM/RR'),null);
Insert into CAMPUS.CONEXIONES (SESIONID,USUARIO,IP,MAQUINA,INICIO,FIN) values ('101483','DBSNMP','127.0.0.1','WORKGROUP\ALUMNO-F0DF3C14',to_date('04/06/13','DD/MM/RR'),to_date('04/06/13','DD/MM/RR'));
Insert into CAMPUS.CONEXIONES (SESIONID,USUARIO,IP,MAQUINA,INICIO,FIN) values ('101484','DBSNMP','127.0.0.1','WORKGROUP\ALUMNO-F0DF3C14',to_date('04/06/13','DD/MM/RR'),to_date('04/06/13','DD/MM/RR'));
Insert into CAMPUS.CONEXIONES (SESIONID,USUARIO,IP,MAQUINA,INICIO,FIN) values ('0','SYS',null,'ALUMNO-F0DF3C14',to_date('04/06/13','DD/MM/RR'),null);
Insert into CAMPUS.CONEXIONES (SESIONID,USUARIO,IP,MAQUINA,INICIO,FIN) values ('101486','DBSNMP','127.0.0.1','WORKGROUP\ALUMNO-F0DF3C14',to_date('04/06/13','DD/MM/RR'),to_date('04/06/13','DD/MM/RR'));
Insert into CAMPUS.CONEXIONES (SESIONID,USUARIO,IP,MAQUINA,INICIO,FIN) values ('101487','DBSNMP','127.0.0.1','WORKGROUP\ALUMNO-F0DF3C14',to_date('04/06/13','DD/MM/RR'),to_date('04/06/13','DD/MM/RR'));
Insert into CAMPUS.CONEXIONES (SESIONID,USUARIO,IP,MAQUINA,INICIO,FIN) values ('0','SYS',null,'ALUMNO-F0DF3C14',to_date('04/06/13','DD/MM/RR'),null);
Insert into CAMPUS.CONEXIONES (SESIONID,USUARIO,IP,MAQUINA,INICIO,FIN) values ('101489','DBSNMP','127.0.0.1','WORKGROUP\ALUMNO-F0DF3C14',to_date('04/06/13','DD/MM/RR'),to_date('04/06/13','DD/MM/RR'));
Insert into CAMPUS.CONEXIONES (SESIONID,USUARIO,IP,MAQUINA,INICIO,FIN) values ('0','SYS',null,'ALUMNO-F0DF3C14',to_date('04/06/13','DD/MM/RR'),null);
Insert into CAMPUS.CONEXIONES (SESIONID,USUARIO,IP,MAQUINA,INICIO,FIN) values ('0','SYS',null,'ALUMNO-F0DF3C14',to_date('04/06/13','DD/MM/RR'),null);
Insert into CAMPUS.CONEXIONES (SESIONID,USUARIO,IP,MAQUINA,INICIO,FIN) values ('101492','SYSMAN','127.0.0.1','alumno-f0df3c14',to_date('05/06/13','DD/MM/RR'),to_date('05/06/13','DD/MM/RR'));
Insert into CAMPUS.CONEXIONES (SESIONID,USUARIO,IP,MAQUINA,INICIO,FIN) values ('101494','SYSMAN','127.0.0.1','alumno-f0df3c14',to_date('05/06/13','DD/MM/RR'),to_date('05/06/13','DD/MM/RR'));
Insert into CAMPUS.CONEXIONES (SESIONID,USUARIO,IP,MAQUINA,INICIO,FIN) values ('101497','SYS',null,'ALUMNO-F0DF3C14',to_date('05/06/13','DD/MM/RR'),null);
Insert into CAMPUS.CONEXIONES (SESIONID,USUARIO,IP,MAQUINA,INICIO,FIN) values ('0','SYS',null,'ALUMNO-F0DF3C14',to_date('05/06/13','DD/MM/RR'),null);
Insert into CAMPUS.CONEXIONES (SESIONID,USUARIO,IP,MAQUINA,INICIO,FIN) values ('101522','DBSNMP','127.0.0.1','WORKGROUP\ALUMNO-F0DF3C14',to_date('05/06/13','DD/MM/RR'),to_date('05/06/13','DD/MM/RR'));
Insert into CAMPUS.CONEXIONES (SESIONID,USUARIO,IP,MAQUINA,INICIO,FIN) values ('101523','DBSNMP','127.0.0.1','WORKGROUP\ALUMNO-F0DF3C14',to_date('05/06/13','DD/MM/RR'),to_date('05/06/13','DD/MM/RR'));
Insert into CAMPUS.CONEXIONES (SESIONID,USUARIO,IP,MAQUINA,INICIO,FIN) values ('0','SYS',null,'ALUMNO-F0DF3C14',to_date('05/06/13','DD/MM/RR'),null);
Insert into CAMPUS.CONEXIONES (SESIONID,USUARIO,IP,MAQUINA,INICIO,FIN) values ('101525','DBSNMP','127.0.0.1','WORKGROUP\ALUMNO-F0DF3C14',to_date('05/06/13','DD/MM/RR'),to_date('05/06/13','DD/MM/RR'));
Insert into CAMPUS.CONEXIONES (SESIONID,USUARIO,IP,MAQUINA,INICIO,FIN) values ('0','SYS',null,'ALUMNO-F0DF3C14',to_date('05/06/13','DD/MM/RR'),null);
Insert into CAMPUS.CONEXIONES (SESIONID,USUARIO,IP,MAQUINA,INICIO,FIN) values ('0','SYS',null,'ALUMNO-F0DF3C14',to_date('05/06/13','DD/MM/RR'),null);
Insert into CAMPUS.CONEXIONES (SESIONID,USUARIO,IP,MAQUINA,INICIO,FIN) values ('0','SYS',null,'ALUMNO-F0DF3C14',to_date('05/06/13','DD/MM/RR'),null);
Insert into CAMPUS.CONEXIONES (SESIONID,USUARIO,IP,MAQUINA,INICIO,FIN) values ('0','SYS',null,'ALUMNO-F0DF3C14',to_date('05/06/13','DD/MM/RR'),null);
Insert into CAMPUS.CONEXIONES (SESIONID,USUARIO,IP,MAQUINA,INICIO,FIN) values ('0','SYS',null,'ALUMNO-F0DF3C14',to_date('05/06/13','DD/MM/RR'),null);
Insert into CAMPUS.CONEXIONES (SESIONID,USUARIO,IP,MAQUINA,INICIO,FIN) values ('101532','DBSNMP','127.0.0.1','WORKGROUP\ALUMNO-F0DF3C14',to_date('05/06/13','DD/MM/RR'),to_date('05/06/13','DD/MM/RR'));
Insert into CAMPUS.CONEXIONES (SESIONID,USUARIO,IP,MAQUINA,INICIO,FIN) values ('101533','DBSNMP','127.0.0.1','WORKGROUP\ALUMNO-F0DF3C14',to_date('05/06/13','DD/MM/RR'),to_date('05/06/13','DD/MM/RR'));
Insert into CAMPUS.CONEXIONES (SESIONID,USUARIO,IP,MAQUINA,INICIO,FIN) values ('0','SYS',null,'ALUMNO-F0DF3C14',to_date('05/06/13','DD/MM/RR'),null);
Insert into CAMPUS.CONEXIONES (SESIONID,USUARIO,IP,MAQUINA,INICIO,FIN) values ('101535','DBSNMP','127.0.0.1','WORKGROUP\ALUMNO-F0DF3C14',to_date('05/06/13','DD/MM/RR'),to_date('05/06/13','DD/MM/RR'));
Insert into CAMPUS.CONEXIONES (SESIONID,USUARIO,IP,MAQUINA,INICIO,FIN) values ('0','SYS',null,'ALUMNO-F0DF3C14',to_date('05/06/13','DD/MM/RR'),null);
Insert into CAMPUS.CONEXIONES (SESIONID,USUARIO,IP,MAQUINA,INICIO,FIN) values ('101537','CAMPUS',null,'WORKGROUP\ALUMNO-F0DF3C14',to_date('05/06/13','DD/MM/RR'),null);
Insert into CAMPUS.CONEXIONES (SESIONID,USUARIO,IP,MAQUINA,INICIO,FIN) values ('0','SYS',null,'ALUMNO-F0DF3C14',to_date('05/06/13','DD/MM/RR'),null);
Insert into CAMPUS.CONEXIONES (SESIONID,USUARIO,IP,MAQUINA,INICIO,FIN) values ('101539','CAMPUS',null,'WORKGROUP\ALUMNO-F0DF3C14',to_date('05/06/13','DD/MM/RR'),null);
Insert into CAMPUS.CONEXIONES (SESIONID,USUARIO,IP,MAQUINA,INICIO,FIN) values ('0','SYS',null,'ALUMNO-F0DF3C14',to_date('05/06/13','DD/MM/RR'),null);
Insert into CAMPUS.CONEXIONES (SESIONID,USUARIO,IP,MAQUINA,INICIO,FIN) values ('101541','CAMPUS',null,'WORKGROUP\ALUMNO-F0DF3C14',to_date('05/06/13','DD/MM/RR'),null);
Insert into CAMPUS.CONEXIONES (SESIONID,USUARIO,IP,MAQUINA,INICIO,FIN) values ('101542','DBSNMP','127.0.0.1','WORKGROUP\ALUMNO-F0DF3C14',to_date('05/06/13','DD/MM/RR'),to_date('05/06/13','DD/MM/RR'));
Insert into CAMPUS.CONEXIONES (SESIONID,USUARIO,IP,MAQUINA,INICIO,FIN) values ('0','SYS',null,'ALUMNO-F0DF3C14',to_date('05/06/13','DD/MM/RR'),null);
Insert into CAMPUS.CONEXIONES (SESIONID,USUARIO,IP,MAQUINA,INICIO,FIN) values ('101544','DBSNMP','127.0.0.1','WORKGROUP\ALUMNO-F0DF3C14',to_date('05/06/13','DD/MM/RR'),to_date('05/06/13','DD/MM/RR'));
Insert into CAMPUS.CONEXIONES (SESIONID,USUARIO,IP,MAQUINA,INICIO,FIN) values ('101545','DBSNMP','127.0.0.1','WORKGROUP\ALUMNO-F0DF3C14',to_date('05/06/13','DD/MM/RR'),to_date('05/06/13','DD/MM/RR'));
Insert into CAMPUS.CONEXIONES (SESIONID,USUARIO,IP,MAQUINA,INICIO,FIN) values ('0','SYS',null,'ALUMNO-F0DF3C14',to_date('05/06/13','DD/MM/RR'),null);
Insert into CAMPUS.CONEXIONES (SESIONID,USUARIO,IP,MAQUINA,INICIO,FIN) values ('101547','DBSNMP','127.0.0.1','WORKGROUP\ALUMNO-F0DF3C14',to_date('05/06/13','DD/MM/RR'),to_date('05/06/13','DD/MM/RR'));
Insert into CAMPUS.CONEXIONES (SESIONID,USUARIO,IP,MAQUINA,INICIO,FIN) values ('0','SYS',null,'ALUMNO-F0DF3C14',to_date('05/06/13','DD/MM/RR'),null);
Insert into CAMPUS.CONEXIONES (SESIONID,USUARIO,IP,MAQUINA,INICIO,FIN) values ('0','SYS',null,'ALUMNO-F0DF3C14',to_date('05/06/13','DD/MM/RR'),null);
Insert into CAMPUS.CONEXIONES (SESIONID,USUARIO,IP,MAQUINA,INICIO,FIN) values ('101550','CAMPUS',null,'WORKGROUP\ALUMNO-F0DF3C14',to_date('05/06/13','DD/MM/RR'),null);
Insert into CAMPUS.CONEXIONES (SESIONID,USUARIO,IP,MAQUINA,INICIO,FIN) values ('0','SYS',null,'ALUMNO-F0DF3C14',to_date('05/06/13','DD/MM/RR'),null);
Insert into CAMPUS.CONEXIONES (SESIONID,USUARIO,IP,MAQUINA,INICIO,FIN) values ('101553','CAMPUS',null,'WORKGROUP\ALUMNO-F0DF3C14',to_date('05/06/13','DD/MM/RR'),null);
Insert into CAMPUS.CONEXIONES (SESIONID,USUARIO,IP,MAQUINA,INICIO,FIN) values ('0','SYS',null,'ALUMNO-F0DF3C14',to_date('05/06/13','DD/MM/RR'),null);
Insert into CAMPUS.CONEXIONES (SESIONID,USUARIO,IP,MAQUINA,INICIO,FIN) values ('101555','DBSNMP','127.0.0.1','WORKGROUP\ALUMNO-F0DF3C14',to_date('05/06/13','DD/MM/RR'),to_date('05/06/13','DD/MM/RR'));
Insert into CAMPUS.CONEXIONES (SESIONID,USUARIO,IP,MAQUINA,INICIO,FIN) values ('101556','DBSNMP','127.0.0.1','WORKGROUP\ALUMNO-F0DF3C14',to_date('05/06/13','DD/MM/RR'),to_date('05/06/13','DD/MM/RR'));
Insert into CAMPUS.CONEXIONES (SESIONID,USUARIO,IP,MAQUINA,INICIO,FIN) values ('0','SYS',null,'ALUMNO-F0DF3C14',to_date('05/06/13','DD/MM/RR'),null);
Insert into CAMPUS.CONEXIONES (SESIONID,USUARIO,IP,MAQUINA,INICIO,FIN) values ('101558','DBSNMP','127.0.0.1','WORKGROUP\ALUMNO-F0DF3C14',to_date('05/06/13','DD/MM/RR'),to_date('05/06/13','DD/MM/RR'));
Insert into CAMPUS.CONEXIONES (SESIONID,USUARIO,IP,MAQUINA,INICIO,FIN) values ('0','SYS',null,'ALUMNO-F0DF3C14',to_date('05/06/13','DD/MM/RR'),null);
Insert into CAMPUS.CONEXIONES (SESIONID,USUARIO,IP,MAQUINA,INICIO,FIN) values ('0','SYS',null,'ALUMNO-F0DF3C14',to_date('05/06/13','DD/MM/RR'),null);
Insert into CAMPUS.CONEXIONES (SESIONID,USUARIO,IP,MAQUINA,INICIO,FIN) values ('101561','CAMPUS',null,'WORKGROUP\ALUMNO-F0DF3C14',to_date('05/06/13','DD/MM/RR'),null);
Insert into CAMPUS.CONEXIONES (SESIONID,USUARIO,IP,MAQUINA,INICIO,FIN) values ('101562','CAMPUS',null,'WORKGROUP\ALUMNO-F0DF3C14',to_date('05/06/13','DD/MM/RR'),null);
Insert into CAMPUS.CONEXIONES (SESIONID,USUARIO,IP,MAQUINA,INICIO,FIN) values ('101574','DBSNMP','127.0.0.1','WORKGROUP\ALUMNO-F0DF3C14',to_date('05/06/13','DD/MM/RR'),to_date('05/06/13','DD/MM/RR'));
Insert into CAMPUS.CONEXIONES (SESIONID,USUARIO,IP,MAQUINA,INICIO,FIN) values ('0','SYS',null,'ALUMNO-F0DF3C14',to_date('05/06/13','DD/MM/RR'),null);
Insert into CAMPUS.CONEXIONES (SESIONID,USUARIO,IP,MAQUINA,INICIO,FIN) values ('0','SYS',null,'ALUMNO-F0DF3C14',to_date('05/06/13','DD/MM/RR'),null);
Insert into CAMPUS.CONEXIONES (SESIONID,USUARIO,IP,MAQUINA,INICIO,FIN) values ('101578','CAMPUS',null,'WORKGROUP\ALUMNO-F0DF3C14',to_date('05/06/13','DD/MM/RR'),null);
Insert into CAMPUS.CONEXIONES (SESIONID,USUARIO,IP,MAQUINA,INICIO,FIN) values ('0','SYS',null,'ALUMNO-F0DF3C14',to_date('05/06/13','DD/MM/RR'),null);
Insert into CAMPUS.CONEXIONES (SESIONID,USUARIO,IP,MAQUINA,INICIO,FIN) values ('101581','CAMPUS',null,'WORKGROUP\ALUMNO-F0DF3C14',to_date('05/06/13','DD/MM/RR'),null);
Insert into CAMPUS.CONEXIONES (SESIONID,USUARIO,IP,MAQUINA,INICIO,FIN) values ('101582','CAMPUS',null,'WORKGROUP\ALUMNO-F0DF3C14',to_date('05/06/13','DD/MM/RR'),null);
Insert into CAMPUS.CONEXIONES (SESIONID,USUARIO,IP,MAQUINA,INICIO,FIN) values ('101583','DBSNMP','127.0.0.1','WORKGROUP\ALUMNO-F0DF3C14',to_date('05/06/13','DD/MM/RR'),to_date('05/06/13','DD/MM/RR'));
Insert into CAMPUS.CONEXIONES (SESIONID,USUARIO,IP,MAQUINA,INICIO,FIN) values ('0','SYS',null,'ALUMNO-F0DF3C14',to_date('05/06/13','DD/MM/RR'),null);
Insert into CAMPUS.CONEXIONES (SESIONID,USUARIO,IP,MAQUINA,INICIO,FIN) values ('101586','CAMPUS',null,'WORKGROUP\ALUMNO-F0DF3C14',to_date('05/06/13','DD/MM/RR'),null);
Insert into CAMPUS.CONEXIONES (SESIONID,USUARIO,IP,MAQUINA,INICIO,FIN) values ('101587','DBSNMP','127.0.0.1','WORKGROUP\ALUMNO-F0DF3C14',to_date('05/06/13','DD/MM/RR'),to_date('05/06/13','DD/MM/RR'));
Insert into CAMPUS.CONEXIONES (SESIONID,USUARIO,IP,MAQUINA,INICIO,FIN) values ('101588','DBSNMP','127.0.0.1','WORKGROUP\ALUMNO-F0DF3C14',to_date('05/06/13','DD/MM/RR'),to_date('05/06/13','DD/MM/RR'));
Insert into CAMPUS.CONEXIONES (SESIONID,USUARIO,IP,MAQUINA,INICIO,FIN) values ('0','SYS',null,'ALUMNO-F0DF3C14',to_date('05/06/13','DD/MM/RR'),null);
Insert into CAMPUS.CONEXIONES (SESIONID,USUARIO,IP,MAQUINA,INICIO,FIN) values ('101592','DBSNMP','127.0.0.1','WORKGROUP\ALUMNO-F0DF3C14',to_date('05/06/13','DD/MM/RR'),to_date('05/06/13','DD/MM/RR'));
Insert into CAMPUS.CONEXIONES (SESIONID,USUARIO,IP,MAQUINA,INICIO,FIN) values ('0','SYS',null,'ALUMNO-F0DF3C14',to_date('05/06/13','DD/MM/RR'),null);
Insert into CAMPUS.CONEXIONES (SESIONID,USUARIO,IP,MAQUINA,INICIO,FIN) values ('0','SYS',null,'ALUMNO-F0DF3C14',to_date('05/06/13','DD/MM/RR'),null);
Insert into CAMPUS.CONEXIONES (SESIONID,USUARIO,IP,MAQUINA,INICIO,FIN) values ('101596','CAMPUS',null,'WORKGROUP\ALUMNO-F0DF3C14',to_date('05/06/13','DD/MM/RR'),null);
Insert into CAMPUS.CONEXIONES (SESIONID,USUARIO,IP,MAQUINA,INICIO,FIN) values ('101597','CAMPUS',null,'WORKGROUP\ALUMNO-F0DF3C14',to_date('05/06/13','DD/MM/RR'),null);
Insert into CAMPUS.CONEXIONES (SESIONID,USUARIO,IP,MAQUINA,INICIO,FIN) values ('0','SYS',null,'ALUMNO-F0DF3C14',to_date('05/06/13','DD/MM/RR'),null);
Insert into CAMPUS.CONEXIONES (SESIONID,USUARIO,IP,MAQUINA,INICIO,FIN) values ('101601','CAMPUS',null,'WORKGROUP\ALUMNO-F0DF3C14',to_date('05/06/13','DD/MM/RR'),null);
Insert into CAMPUS.CONEXIONES (SESIONID,USUARIO,IP,MAQUINA,INICIO,FIN) values ('101603','CAMPUS',null,'WORKGROUP\ALUMNO-F0DF3C14',to_date('05/06/13','DD/MM/RR'),null);
Insert into CAMPUS.CONEXIONES (SESIONID,USUARIO,IP,MAQUINA,INICIO,FIN) values ('101604','DBSNMP','127.0.0.1','WORKGROUP\ALUMNO-F0DF3C14',to_date('05/06/13','DD/MM/RR'),to_date('05/06/13','DD/MM/RR'));
Insert into CAMPUS.CONEXIONES (SESIONID,USUARIO,IP,MAQUINA,INICIO,FIN) values ('101605','DBSNMP','127.0.0.1','WORKGROUP\ALUMNO-F0DF3C14',to_date('05/06/13','DD/MM/RR'),to_date('05/06/13','DD/MM/RR'));
Insert into CAMPUS.CONEXIONES (SESIONID,USUARIO,IP,MAQUINA,INICIO,FIN) values ('0','SYS',null,'ALUMNO-F0DF3C14',to_date('05/06/13','DD/MM/RR'),null);
Insert into CAMPUS.CONEXIONES (SESIONID,USUARIO,IP,MAQUINA,INICIO,FIN) values ('101609','CAMPUS',null,'WORKGROUP\ALUMNO-F0DF3C14',to_date('05/06/13','DD/MM/RR'),null);
Insert into CAMPUS.CONEXIONES (SESIONID,USUARIO,IP,MAQUINA,INICIO,FIN) values ('101610','DBSNMP','127.0.0.1','WORKGROUP\ALUMNO-F0DF3C14',to_date('05/06/13','DD/MM/RR'),to_date('05/06/13','DD/MM/RR'));
Insert into CAMPUS.CONEXIONES (SESIONID,USUARIO,IP,MAQUINA,INICIO,FIN) values ('0','SYS',null,'ALUMNO-F0DF3C14',to_date('05/06/13','DD/MM/RR'),null);
Insert into CAMPUS.CONEXIONES (SESIONID,USUARIO,IP,MAQUINA,INICIO,FIN) values ('0','SYS',null,'ALUMNO-F0DF3C14',to_date('05/06/13','DD/MM/RR'),null);
Insert into CAMPUS.CONEXIONES (SESIONID,USUARIO,IP,MAQUINA,INICIO,FIN) values ('0','SYS',null,'ALUMNO-F0DF3C14',to_date('05/06/13','DD/MM/RR'),null);
Insert into CAMPUS.CONEXIONES (SESIONID,USUARIO,IP,MAQUINA,INICIO,FIN) values ('0','SYS',null,'ALUMNO-F0DF3C14',to_date('05/06/13','DD/MM/RR'),null);
Insert into CAMPUS.CONEXIONES (SESIONID,USUARIO,IP,MAQUINA,INICIO,FIN) values ('0','SYS',null,'ALUMNO-F0DF3C14',to_date('05/06/13','DD/MM/RR'),null);
Insert into CAMPUS.CONEXIONES (SESIONID,USUARIO,IP,MAQUINA,INICIO,FIN) values ('101617','DBSNMP','127.0.0.1','WORKGROUP\ALUMNO-F0DF3C14',to_date('05/06/13','DD/MM/RR'),to_date('05/06/13','DD/MM/RR'));
Insert into CAMPUS.CONEXIONES (SESIONID,USUARIO,IP,MAQUINA,INICIO,FIN) values ('101618','DBSNMP','127.0.0.1','WORKGROUP\ALUMNO-F0DF3C14',to_date('05/06/13','DD/MM/RR'),to_date('05/06/13','DD/MM/RR'));
Insert into CAMPUS.CONEXIONES (SESIONID,USUARIO,IP,MAQUINA,INICIO,FIN) values ('0','SYS',null,'ALUMNO-F0DF3C14',to_date('05/06/13','DD/MM/RR'),null);
Insert into CAMPUS.CONEXIONES (SESIONID,USUARIO,IP,MAQUINA,INICIO,FIN) values ('101620','DBSNMP','127.0.0.1','WORKGROUP\ALUMNO-F0DF3C14',to_date('05/06/13','DD/MM/RR'),to_date('05/06/13','DD/MM/RR'));
Insert into CAMPUS.CONEXIONES (SESIONID,USUARIO,IP,MAQUINA,INICIO,FIN) values ('0','SYS',null,'ALUMNO-F0DF3C14',to_date('05/06/13','DD/MM/RR'),null);
Insert into CAMPUS.CONEXIONES (SESIONID,USUARIO,IP,MAQUINA,INICIO,FIN) values ('0','SYS',null,'ALUMNO-F0DF3C14',to_date('05/06/13','DD/MM/RR'),null);
Insert into CAMPUS.CONEXIONES (SESIONID,USUARIO,IP,MAQUINA,INICIO,FIN) values ('101623','CAMPUS',null,'WORKGROUP\ALUMNO-F0DF3C14',to_date('05/06/13','DD/MM/RR'),null);
Insert into CAMPUS.CONEXIONES (SESIONID,USUARIO,IP,MAQUINA,INICIO,FIN) values ('101624','CAMPUS',null,'WORKGROUP\ALUMNO-F0DF3C14',to_date('05/06/13','DD/MM/RR'),null);
Insert into CAMPUS.CONEXIONES (SESIONID,USUARIO,IP,MAQUINA,INICIO,FIN) values ('0','SYS',null,'ALUMNO-F0DF3C14',to_date('05/06/13','DD/MM/RR'),null);
Insert into CAMPUS.CONEXIONES (SESIONID,USUARIO,IP,MAQUINA,INICIO,FIN) values ('101357','CAMPUS',null,'WORKGROUP\ALUMNO-F0DF3C14',to_date('04/06/13','DD/MM/RR'),null);
Insert into CAMPUS.CONEXIONES (SESIONID,USUARIO,IP,MAQUINA,INICIO,FIN) values ('101519','CAMPUS',null,'WORKGROUP\ALUMNO-F0DF3C14',to_date('05/06/13','DD/MM/RR'),null);
Insert into CAMPUS.CONEXIONES (SESIONID,USUARIO,IP,MAQUINA,INICIO,FIN) values ('101520','CAMPUS',null,'WORKGROUP\ALUMNO-F0DF3C14',to_date('05/06/13','DD/MM/RR'),null);
Insert into CAMPUS.CONEXIONES (SESIONID,USUARIO,IP,MAQUINA,INICIO,FIN) values ('101626','DBSNMP','127.0.0.1','WORKGROUP\ALUMNO-F0DF3C14',to_date('05/06/13','DD/MM/RR'),to_date('05/06/13','DD/MM/RR'));
Insert into CAMPUS.CONEXIONES (SESIONID,USUARIO,IP,MAQUINA,INICIO,FIN) values ('0','SYS',null,'ALUMNO-F0DF3C14',to_date('05/06/13','DD/MM/RR'),null);
Insert into CAMPUS.CONEXIONES (SESIONID,USUARIO,IP,MAQUINA,INICIO,FIN) values ('101628','DBSNMP','127.0.0.1','WORKGROUP\ALUMNO-F0DF3C14',to_date('05/06/13','DD/MM/RR'),to_date('05/06/13','DD/MM/RR'));
Insert into CAMPUS.CONEXIONES (SESIONID,USUARIO,IP,MAQUINA,INICIO,FIN) values ('101629','DBSNMP','127.0.0.1','WORKGROUP\ALUMNO-F0DF3C14',to_date('05/06/13','DD/MM/RR'),to_date('05/06/13','DD/MM/RR'));
Insert into CAMPUS.CONEXIONES (SESIONID,USUARIO,IP,MAQUINA,INICIO,FIN) values ('0','SYS',null,'ALUMNO-F0DF3C14',to_date('05/06/13','DD/MM/RR'),null);
Insert into CAMPUS.CONEXIONES (SESIONID,USUARIO,IP,MAQUINA,INICIO,FIN) values ('101631','DBSNMP','127.0.0.1','WORKGROUP\ALUMNO-F0DF3C14',to_date('05/06/13','DD/MM/RR'),to_date('05/06/13','DD/MM/RR'));
Insert into CAMPUS.CONEXIONES (SESIONID,USUARIO,IP,MAQUINA,INICIO,FIN) values ('0','SYS',null,'ALUMNO-F0DF3C14',to_date('05/06/13','DD/MM/RR'),null);
Insert into CAMPUS.CONEXIONES (SESIONID,USUARIO,IP,MAQUINA,INICIO,FIN) values ('0','SYS',null,'ALUMNO-F0DF3C14',to_date('05/06/13','DD/MM/RR'),null);
Insert into CAMPUS.CONEXIONES (SESIONID,USUARIO,IP,MAQUINA,INICIO,FIN) values ('0','SYS',null,'ALUMNO-F0DF3C14',to_date('05/06/13','DD/MM/RR'),null);
Insert into CAMPUS.CONEXIONES (SESIONID,USUARIO,IP,MAQUINA,INICIO,FIN) values ('0','SYS',null,'ALUMNO-F0DF3C14',to_date('05/06/13','DD/MM/RR'),null);
Insert into CAMPUS.CONEXIONES (SESIONID,USUARIO,IP,MAQUINA,INICIO,FIN) values ('0','SYS',null,'ALUMNO-F0DF3C14',to_date('05/06/13','DD/MM/RR'),null);
Insert into CAMPUS.CONEXIONES (SESIONID,USUARIO,IP,MAQUINA,INICIO,FIN) values ('101637','DBSNMP','127.0.0.1','WORKGROUP\ALUMNO-F0DF3C14',to_date('05/06/13','DD/MM/RR'),to_date('05/06/13','DD/MM/RR'));
Insert into CAMPUS.CONEXIONES (SESIONID,USUARIO,IP,MAQUINA,INICIO,FIN) values ('101638','DBSNMP','127.0.0.1','WORKGROUP\ALUMNO-F0DF3C14',to_date('05/06/13','DD/MM/RR'),to_date('05/06/13','DD/MM/RR'));
Insert into CAMPUS.CONEXIONES (SESIONID,USUARIO,IP,MAQUINA,INICIO,FIN) values ('101639','CAMPUS',null,'WORKGROUP\ALUMNO-F0DF3C14',to_date('05/06/13','DD/MM/RR'),null);
Insert into CAMPUS.CONEXIONES (SESIONID,USUARIO,IP,MAQUINA,INICIO,FIN) values ('0','SYS',null,'ALUMNO-F0DF3C14',to_date('05/06/13','DD/MM/RR'),null);
Insert into CAMPUS.CONEXIONES (SESIONID,USUARIO,IP,MAQUINA,INICIO,FIN) values ('101641','DBSNMP','127.0.0.1','WORKGROUP\ALUMNO-F0DF3C14',to_date('05/06/13','DD/MM/RR'),to_date('05/06/13','DD/MM/RR'));
Insert into CAMPUS.CONEXIONES (SESIONID,USUARIO,IP,MAQUINA,INICIO,FIN) values ('0','SYS',null,'ALUMNO-F0DF3C14',to_date('05/06/13','DD/MM/RR'),null);
Insert into CAMPUS.CONEXIONES (SESIONID,USUARIO,IP,MAQUINA,INICIO,FIN) values ('0','SYS',null,'ALUMNO-F0DF3C14',to_date('05/06/13','DD/MM/RR'),null);
Insert into CAMPUS.CONEXIONES (SESIONID,USUARIO,IP,MAQUINA,INICIO,FIN) values ('0','SYS',null,'ALUMNO-F0DF3C14',to_date('05/06/13','DD/MM/RR'),null);
Insert into CAMPUS.CONEXIONES (SESIONID,USUARIO,IP,MAQUINA,INICIO,FIN) values ('0','SYS',null,'ALUMNO-F0DF3C14',to_date('05/06/13','DD/MM/RR'),null);
Insert into CAMPUS.CONEXIONES (SESIONID,USUARIO,IP,MAQUINA,INICIO,FIN) values ('101648','DBSNMP','127.0.0.1','WORKGROUP\ALUMNO-F0DF3C14',to_date('05/06/13','DD/MM/RR'),to_date('05/06/13','DD/MM/RR'));
Insert into CAMPUS.CONEXIONES (SESIONID,USUARIO,IP,MAQUINA,INICIO,FIN) values ('101649','CAMPUS',null,'WORKGROUP\ALUMNO-F0DF3C14',to_date('05/06/13','DD/MM/RR'),null);
Insert into CAMPUS.CONEXIONES (SESIONID,USUARIO,IP,MAQUINA,INICIO,FIN) values ('101650','DBSNMP','127.0.0.1','WORKGROUP\ALUMNO-F0DF3C14',to_date('05/06/13','DD/MM/RR'),to_date('05/06/13','DD/MM/RR'));
Insert into CAMPUS.CONEXIONES (SESIONID,USUARIO,IP,MAQUINA,INICIO,FIN) values ('101651','CAMPUS',null,'WORKGROUP\ALUMNO-F0DF3C14',to_date('05/06/13','DD/MM/RR'),null);
Insert into CAMPUS.CONEXIONES (SESIONID,USUARIO,IP,MAQUINA,INICIO,FIN) values ('0','SYS',null,'ALUMNO-F0DF3C14',to_date('05/06/13','DD/MM/RR'),null);
Insert into CAMPUS.CONEXIONES (SESIONID,USUARIO,IP,MAQUINA,INICIO,FIN) values ('101653','DBSNMP','127.0.0.1','WORKGROUP\ALUMNO-F0DF3C14',to_date('05/06/13','DD/MM/RR'),to_date('05/06/13','DD/MM/RR'));
Insert into CAMPUS.CONEXIONES (SESIONID,USUARIO,IP,MAQUINA,INICIO,FIN) values ('101654','SYS',null,'ALUMNO-F0DF3C14',to_date('05/06/13','DD/MM/RR'),null);
Insert into CAMPUS.CONEXIONES (SESIONID,USUARIO,IP,MAQUINA,INICIO,FIN) values ('0','SYS',null,'ALUMNO-F0DF3C14',to_date('05/06/13','DD/MM/RR'),null);
Insert into CAMPUS.CONEXIONES (SESIONID,USUARIO,IP,MAQUINA,INICIO,FIN) values ('101656','CAMPUS',null,'WORKGROUP\ALUMNO-F0DF3C14',to_date('05/06/13','DD/MM/RR'),null);
Insert into CAMPUS.CONEXIONES (SESIONID,USUARIO,IP,MAQUINA,INICIO,FIN) values ('101657','CAMPUS',null,'WORKGROUP\ALUMNO-F0DF3C14',to_date('05/06/13','DD/MM/RR'),null);
Insert into CAMPUS.CONEXIONES (SESIONID,USUARIO,IP,MAQUINA,INICIO,FIN) values ('101658','CAMPUS',null,'WORKGROUP\ALUMNO-F0DF3C14',to_date('05/06/13','DD/MM/RR'),null);
Insert into CAMPUS.CONEXIONES (SESIONID,USUARIO,IP,MAQUINA,INICIO,FIN) values ('0','SYS',null,'ALUMNO-F0DF3C14',to_date('05/06/13','DD/MM/RR'),null);
Insert into CAMPUS.CONEXIONES (SESIONID,USUARIO,IP,MAQUINA,INICIO,FIN) values ('101661','CAMPUS',null,'WORKGROUP\ALUMNO-F0DF3C14',to_date('05/06/13','DD/MM/RR'),null);
Insert into CAMPUS.CONEXIONES (SESIONID,USUARIO,IP,MAQUINA,INICIO,FIN) values ('0','SYS',null,'ALUMNO-F0DF3C14',to_date('05/06/13','DD/MM/RR'),null);
Insert into CAMPUS.CONEXIONES (SESIONID,USUARIO,IP,MAQUINA,INICIO,FIN) values ('0','SYS',null,'ALUMNO-F0DF3C14',to_date('05/06/13','DD/MM/RR'),null);
Insert into CAMPUS.CONEXIONES (SESIONID,USUARIO,IP,MAQUINA,INICIO,FIN) values ('101671','DBSNMP','127.0.0.1','WORKGROUP\ALUMNO-F0DF3C14',to_date('05/06/13','DD/MM/RR'),to_date('05/06/13','DD/MM/RR'));
Insert into CAMPUS.CONEXIONES (SESIONID,USUARIO,IP,MAQUINA,INICIO,FIN) values ('0','SYS',null,'ALUMNO-F0DF3C14',to_date('05/06/13','DD/MM/RR'),null);
Insert into CAMPUS.CONEXIONES (SESIONID,USUARIO,IP,MAQUINA,INICIO,FIN) values ('101673','DBSNMP','127.0.0.1','WORKGROUP\ALUMNO-F0DF3C14',to_date('05/06/13','DD/MM/RR'),to_date('05/06/13','DD/MM/RR'));
Insert into CAMPUS.CONEXIONES (SESIONID,USUARIO,IP,MAQUINA,INICIO,FIN) values ('101674','DBSNMP','127.0.0.1','WORKGROUP\ALUMNO-F0DF3C14',to_date('05/06/13','DD/MM/RR'),to_date('05/06/13','DD/MM/RR'));
Insert into CAMPUS.CONEXIONES (SESIONID,USUARIO,IP,MAQUINA,INICIO,FIN) values ('0','SYS',null,'ALUMNO-F0DF3C14',to_date('05/06/13','DD/MM/RR'),null);
Insert into CAMPUS.CONEXIONES (SESIONID,USUARIO,IP,MAQUINA,INICIO,FIN) values ('101676','DBSNMP','127.0.0.1','WORKGROUP\ALUMNO-F0DF3C14',to_date('05/06/13','DD/MM/RR'),to_date('05/06/13','DD/MM/RR'));
Insert into CAMPUS.CONEXIONES (SESIONID,USUARIO,IP,MAQUINA,INICIO,FIN) values ('0','SYS',null,'ALUMNO-F0DF3C14',to_date('05/06/13','DD/MM/RR'),null);
Insert into CAMPUS.CONEXIONES (SESIONID,USUARIO,IP,MAQUINA,INICIO,FIN) values ('0','SYS',null,'ALUMNO-F0DF3C14',to_date('05/06/13','DD/MM/RR'),null);
Insert into CAMPUS.CONEXIONES (SESIONID,USUARIO,IP,MAQUINA,INICIO,FIN) values ('0','SYS',null,'ALUMNO-F0DF3C14',to_date('05/06/13','DD/MM/RR'),null);
Insert into CAMPUS.CONEXIONES (SESIONID,USUARIO,IP,MAQUINA,INICIO,FIN) values ('0','SYS',null,'ALUMNO-F0DF3C14',to_date('05/06/13','DD/MM/RR'),null);
Insert into CAMPUS.CONEXIONES (SESIONID,USUARIO,IP,MAQUINA,INICIO,FIN) values ('101681','DBSNMP','127.0.0.1','WORKGROUP\ALUMNO-F0DF3C14',to_date('05/06/13','DD/MM/RR'),to_date('05/06/13','DD/MM/RR'));
Insert into CAMPUS.CONEXIONES (SESIONID,USUARIO,IP,MAQUINA,INICIO,FIN) values ('101682','DBSNMP','127.0.0.1','WORKGROUP\ALUMNO-F0DF3C14',to_date('05/06/13','DD/MM/RR'),to_date('05/06/13','DD/MM/RR'));
Insert into CAMPUS.CONEXIONES (SESIONID,USUARIO,IP,MAQUINA,INICIO,FIN) values ('0','SYS',null,'ALUMNO-F0DF3C14',to_date('05/06/13','DD/MM/RR'),null);
Insert into CAMPUS.CONEXIONES (SESIONID,USUARIO,IP,MAQUINA,INICIO,FIN) values ('101684','DBSNMP','127.0.0.1','WORKGROUP\ALUMNO-F0DF3C14',to_date('05/06/13','DD/MM/RR'),to_date('05/06/13','DD/MM/RR'));
Insert into CAMPUS.CONEXIONES (SESIONID,USUARIO,IP,MAQUINA,INICIO,FIN) values ('0','SYS',null,'ALUMNO-F0DF3C14',to_date('05/06/13','DD/MM/RR'),null);
Insert into CAMPUS.CONEXIONES (SESIONID,USUARIO,IP,MAQUINA,INICIO,FIN) values ('0','SYS',null,'ALUMNO-F0DF3C14',to_date('05/06/13','DD/MM/RR'),null);
Insert into CAMPUS.CONEXIONES (SESIONID,USUARIO,IP,MAQUINA,INICIO,FIN) values ('0','SYS',null,'ALUMNO-F0DF3C14',to_date('05/06/13','DD/MM/RR'),null);
Insert into CAMPUS.CONEXIONES (SESIONID,USUARIO,IP,MAQUINA,INICIO,FIN) values ('0','SYS',null,'ALUMNO-F0DF3C14',to_date('05/06/13','DD/MM/RR'),null);
Insert into CAMPUS.CONEXIONES (SESIONID,USUARIO,IP,MAQUINA,INICIO,FIN) values ('0','SYS',null,'ALUMNO-F0DF3C14',to_date('05/06/13','DD/MM/RR'),null);
Insert into CAMPUS.CONEXIONES (SESIONID,USUARIO,IP,MAQUINA,INICIO,FIN) values ('101692','DBSNMP','127.0.0.1','WORKGROUP\ALUMNO-F0DF3C14',to_date('05/06/13','DD/MM/RR'),to_date('05/06/13','DD/MM/RR'));
Insert into CAMPUS.CONEXIONES (SESIONID,USUARIO,IP,MAQUINA,INICIO,FIN) values ('101693','DBSNMP','127.0.0.1','WORKGROUP\ALUMNO-F0DF3C14',to_date('05/06/13','DD/MM/RR'),to_date('05/06/13','DD/MM/RR'));
Insert into CAMPUS.CONEXIONES (SESIONID,USUARIO,IP,MAQUINA,INICIO,FIN) values ('0','SYS',null,'ALUMNO-F0DF3C14',to_date('05/06/13','DD/MM/RR'),null);
Insert into CAMPUS.CONEXIONES (SESIONID,USUARIO,IP,MAQUINA,INICIO,FIN) values ('101695','DBSNMP','127.0.0.1','WORKGROUP\ALUMNO-F0DF3C14',to_date('05/06/13','DD/MM/RR'),to_date('05/06/13','DD/MM/RR'));
Insert into CAMPUS.CONEXIONES (SESIONID,USUARIO,IP,MAQUINA,INICIO,FIN) values ('0','SYS',null,'ALUMNO-F0DF3C14',to_date('05/06/13','DD/MM/RR'),null);
Insert into CAMPUS.CONEXIONES (SESIONID,USUARIO,IP,MAQUINA,INICIO,FIN) values ('0','SYS',null,'ALUMNO-F0DF3C14',to_date('05/06/13','DD/MM/RR'),null);
Insert into CAMPUS.CONEXIONES (SESIONID,USUARIO,IP,MAQUINA,INICIO,FIN) values ('0','SYS',null,'ALUMNO-F0DF3C14',to_date('05/06/13','DD/MM/RR'),null);
Insert into CAMPUS.CONEXIONES (SESIONID,USUARIO,IP,MAQUINA,INICIO,FIN) values ('110026','DBSNMP','127.0.0.1','WORKGROUP\ALUMNO-F0DF3C14',to_date('05/06/13','DD/MM/RR'),to_date('05/06/13','DD/MM/RR'));
Insert into CAMPUS.CONEXIONES (SESIONID,USUARIO,IP,MAQUINA,INICIO,FIN) values ('0','SYS',null,'ALUMNO-F0DF3C14',to_date('05/06/13','DD/MM/RR'),null);
Insert into CAMPUS.CONEXIONES (SESIONID,USUARIO,IP,MAQUINA,INICIO,FIN) values ('101163','SYSTEM',null,'WORKGROUP\ALUMNO-F0DF3C14',to_date('04/06/13','DD/MM/RR'),null);
Insert into CAMPUS.CONEXIONES (SESIONID,USUARIO,IP,MAQUINA,INICIO,FIN) values ('101174','DBSNMP','127.0.0.1','WORKGROUP\ALUMNO-F0DF3C14',to_date('04/06/13','DD/MM/RR'),to_date('04/06/13','DD/MM/RR'));
Insert into CAMPUS.CONEXIONES (SESIONID,USUARIO,IP,MAQUINA,INICIO,FIN) values ('101175','DBSNMP','127.0.0.1','WORKGROUP\ALUMNO-F0DF3C14',to_date('04/06/13','DD/MM/RR'),to_date('04/06/13','DD/MM/RR'));
Insert into CAMPUS.CONEXIONES (SESIONID,USUARIO,IP,MAQUINA,INICIO,FIN) values ('101176','DBSNMP','127.0.0.1','WORKGROUP\ALUMNO-F0DF3C14',to_date('04/06/13','DD/MM/RR'),null);
Insert into CAMPUS.CONEXIONES (SESIONID,USUARIO,IP,MAQUINA,INICIO,FIN) values ('101356','SYS',null,'ALUMNO-F0DF3C14',to_date('04/06/13','DD/MM/RR'),null);
Insert into CAMPUS.CONEXIONES (SESIONID,USUARIO,IP,MAQUINA,INICIO,FIN) values ('0','SYS',null,'ALUMNO-F0DF3C14',to_date('04/06/13','DD/MM/RR'),null);
Insert into CAMPUS.CONEXIONES (SESIONID,USUARIO,IP,MAQUINA,INICIO,FIN) values ('101404','SYSMAN','127.0.0.1','alumno-f0df3c14',to_date('04/06/13','DD/MM/RR'),to_date('04/06/13','DD/MM/RR'));
Insert into CAMPUS.CONEXIONES (SESIONID,USUARIO,IP,MAQUINA,INICIO,FIN) values ('0','SYS',null,'ALUMNO-F0DF3C14',to_date('05/06/13','DD/MM/RR'),null);
Insert into CAMPUS.CONEXIONES (SESIONID,USUARIO,IP,MAQUINA,INICIO,FIN) values ('0','SYS',null,'ALUMNO-F0DF3C14',to_date('05/06/13','DD/MM/RR'),null);
Insert into CAMPUS.CONEXIONES (SESIONID,USUARIO,IP,MAQUINA,INICIO,FIN) values ('101498','DBSNMP','127.0.0.1','WORKGROUP\ALUMNO-F0DF3C14',to_date('05/06/13','DD/MM/RR'),to_date('05/06/13','DD/MM/RR'));
Insert into CAMPUS.CONEXIONES (SESIONID,USUARIO,IP,MAQUINA,INICIO,FIN) values ('101499','DBSNMP','127.0.0.1','WORKGROUP\ALUMNO-F0DF3C14',to_date('05/06/13','DD/MM/RR'),to_date('05/06/13','DD/MM/RR'));
Insert into CAMPUS.CONEXIONES (SESIONID,USUARIO,IP,MAQUINA,INICIO,FIN) values ('101500','DBSNMP','127.0.0.1','WORKGROUP\ALUMNO-F0DF3C14',to_date('05/06/13','DD/MM/RR'),to_date('05/06/13','DD/MM/RR'));
Insert into CAMPUS.CONEXIONES (SESIONID,USUARIO,IP,MAQUINA,INICIO,FIN) values ('101501','DBSNMP','127.0.0.1','WORKGROUP\ALUMNO-F0DF3C14',to_date('05/06/13','DD/MM/RR'),to_date('05/06/13','DD/MM/RR'));
Insert into CAMPUS.CONEXIONES (SESIONID,USUARIO,IP,MAQUINA,INICIO,FIN) values ('101502','DBSNMP','127.0.0.1','WORKGROUP\ALUMNO-F0DF3C14',to_date('05/06/13','DD/MM/RR'),to_date('05/06/13','DD/MM/RR'));
Insert into CAMPUS.CONEXIONES (SESIONID,USUARIO,IP,MAQUINA,INICIO,FIN) values ('101503','DBSNMP','127.0.0.1','WORKGROUP\ALUMNO-F0DF3C14',to_date('05/06/13','DD/MM/RR'),to_date('05/06/13','DD/MM/RR'));
Insert into CAMPUS.CONEXIONES (SESIONID,USUARIO,IP,MAQUINA,INICIO,FIN) values ('101505','DBSNMP','127.0.0.1','WORKGROUP\ALUMNO-F0DF3C14',to_date('05/06/13','DD/MM/RR'),to_date('05/06/13','DD/MM/RR'));
Insert into CAMPUS.CONEXIONES (SESIONID,USUARIO,IP,MAQUINA,INICIO,FIN) values ('0','SYS',null,'ALUMNO-F0DF3C14',to_date('05/06/13','DD/MM/RR'),null);
Insert into CAMPUS.CONEXIONES (SESIONID,USUARIO,IP,MAQUINA,INICIO,FIN) values ('101507','DBSNMP','127.0.0.1','WORKGROUP\ALUMNO-F0DF3C14',to_date('05/06/13','DD/MM/RR'),to_date('05/06/13','DD/MM/RR'));
Insert into CAMPUS.CONEXIONES (SESIONID,USUARIO,IP,MAQUINA,INICIO,FIN) values ('101508','DBSNMP','127.0.0.1','WORKGROUP\ALUMNO-F0DF3C14',to_date('05/06/13','DD/MM/RR'),to_date('05/06/13','DD/MM/RR'));
Insert into CAMPUS.CONEXIONES (SESIONID,USUARIO,IP,MAQUINA,INICIO,FIN) values ('0','SYS',null,'ALUMNO-F0DF3C14',to_date('05/06/13','DD/MM/RR'),null);
Insert into CAMPUS.CONEXIONES (SESIONID,USUARIO,IP,MAQUINA,INICIO,FIN) values ('101511','CAMPUS',null,'WORKGROUP\ALUMNO-F0DF3C14',to_date('05/06/13','DD/MM/RR'),null);
Insert into CAMPUS.CONEXIONES (SESIONID,USUARIO,IP,MAQUINA,INICIO,FIN) values ('101512','DBSNMP','127.0.0.1','WORKGROUP\ALUMNO-F0DF3C14',to_date('05/06/13','DD/MM/RR'),to_date('05/06/13','DD/MM/RR'));
Insert into CAMPUS.CONEXIONES (SESIONID,USUARIO,IP,MAQUINA,INICIO,FIN) values ('0','SYS',null,'ALUMNO-F0DF3C14',to_date('05/06/13','DD/MM/RR'),null);
Insert into CAMPUS.CONEXIONES (SESIONID,USUARIO,IP,MAQUINA,INICIO,FIN) values ('0','SYS',null,'ALUMNO-F0DF3C14',to_date('05/06/13','DD/MM/RR'),null);
Insert into CAMPUS.CONEXIONES (SESIONID,USUARIO,IP,MAQUINA,INICIO,FIN) values ('101516','CAMPUS',null,'WORKGROUP\ALUMNO-F0DF3C14',to_date('05/06/13','DD/MM/RR'),null);
Insert into CAMPUS.CONEXIONES (SESIONID,USUARIO,IP,MAQUINA,INICIO,FIN) values ('101517','CAMPUS',null,'WORKGROUP\ALUMNO-F0DF3C14',to_date('05/06/13','DD/MM/RR'),null);
Insert into CAMPUS.CONEXIONES (SESIONID,USUARIO,IP,MAQUINA,INICIO,FIN) values ('0','SYS',null,'ALUMNO-F0DF3C14',to_date('05/06/13','DD/MM/RR'),null);
Insert into CAMPUS.CONEXIONES (SESIONID,USUARIO,IP,MAQUINA,INICIO,FIN) values ('101530','CAMPUS',null,'WORKGROUP\ALUMNO-F0DF3C14',to_date('05/06/13','DD/MM/RR'),null);
Insert into CAMPUS.CONEXIONES (SESIONID,USUARIO,IP,MAQUINA,INICIO,FIN) values ('101576','CAMPUS',null,'WORKGROUP\ALUMNO-F0DF3C14',to_date('05/06/13','DD/MM/RR'),null);
Insert into CAMPUS.CONEXIONES (SESIONID,USUARIO,IP,MAQUINA,INICIO,FIN) values ('0','SYS',null,'ALUMNO-F0DF3C14',to_date('05/06/13','DD/MM/RR'),null);
Insert into CAMPUS.CONEXIONES (SESIONID,USUARIO,IP,MAQUINA,INICIO,FIN) values ('101585','CAMPUS',null,'WORKGROUP\ALUMNO-F0DF3C14',to_date('05/06/13','DD/MM/RR'),null);
Insert into CAMPUS.CONEXIONES (SESIONID,USUARIO,IP,MAQUINA,INICIO,FIN) values ('101590','CAMPUS',null,'WORKGROUP\ALUMNO-F0DF3C14',to_date('05/06/13','DD/MM/RR'),null);
Insert into CAMPUS.CONEXIONES (SESIONID,USUARIO,IP,MAQUINA,INICIO,FIN) values ('101591','CAMPUS',null,'WORKGROUP\ALUMNO-F0DF3C14',to_date('05/06/13','DD/MM/RR'),null);
Insert into CAMPUS.CONEXIONES (SESIONID,USUARIO,IP,MAQUINA,INICIO,FIN) values ('101595','CAMPUS',null,'WORKGROUP\ALUMNO-F0DF3C14',to_date('05/06/13','DD/MM/RR'),null);
Insert into CAMPUS.CONEXIONES (SESIONID,USUARIO,IP,MAQUINA,INICIO,FIN) values ('101599','CAMPUS',null,'WORKGROUP\ALUMNO-F0DF3C14',to_date('05/06/13','DD/MM/RR'),null);
Insert into CAMPUS.CONEXIONES (SESIONID,USUARIO,IP,MAQUINA,INICIO,FIN) values ('101600','CAMPUS',null,'WORKGROUP\ALUMNO-F0DF3C14',to_date('05/06/13','DD/MM/RR'),null);
Insert into CAMPUS.CONEXIONES (SESIONID,USUARIO,IP,MAQUINA,INICIO,FIN) values ('0','SYS',null,'ALUMNO-F0DF3C14',to_date('05/06/13','DD/MM/RR'),null);
Insert into CAMPUS.CONEXIONES (SESIONID,USUARIO,IP,MAQUINA,INICIO,FIN) values ('101607','CAMPUS',null,'WORKGROUP\ALUMNO-F0DF3C14',to_date('05/06/13','DD/MM/RR'),null);
Insert into CAMPUS.CONEXIONES (SESIONID,USUARIO,IP,MAQUINA,INICIO,FIN) values ('101608','CAMPUS',null,'WORKGROUP\ALUMNO-F0DF3C14',to_date('05/06/13','DD/MM/RR'),null);
Insert into CAMPUS.CONEXIONES (SESIONID,USUARIO,IP,MAQUINA,INICIO,FIN) values ('101612','SYS',null,'ALUMNO-F0DF3C14',to_date('05/06/13','DD/MM/RR'),null);
Insert into CAMPUS.CONEXIONES (SESIONID,USUARIO,IP,MAQUINA,INICIO,FIN) values ('101645','DBSNMP','127.0.0.1','WORKGROUP\ALUMNO-F0DF3C14',to_date('05/06/13','DD/MM/RR'),to_date('05/06/13','DD/MM/RR'));
Insert into CAMPUS.CONEXIONES (SESIONID,USUARIO,IP,MAQUINA,INICIO,FIN) values ('101646','DBSNMP','127.0.0.1','WORKGROUP\ALUMNO-F0DF3C14',to_date('05/06/13','DD/MM/RR'),to_date('05/06/13','DD/MM/RR'));
Insert into CAMPUS.CONEXIONES (SESIONID,USUARIO,IP,MAQUINA,INICIO,FIN) values ('101660','CAMPUS',null,'WORKGROUP\ALUMNO-F0DF3C14',to_date('05/06/13','DD/MM/RR'),null);
Insert into CAMPUS.CONEXIONES (SESIONID,USUARIO,IP,MAQUINA,INICIO,FIN) values ('101664','CAMPUS',null,'WORKGROUP\ALUMNO-F0DF3C14',to_date('05/06/13','DD/MM/RR'),null);
Insert into CAMPUS.CONEXIONES (SESIONID,USUARIO,IP,MAQUINA,INICIO,FIN) values ('101665','DBSNMP','127.0.0.1','WORKGROUP\ALUMNO-F0DF3C14',to_date('05/06/13','DD/MM/RR'),to_date('05/06/13','DD/MM/RR'));
Insert into CAMPUS.CONEXIONES (SESIONID,USUARIO,IP,MAQUINA,INICIO,FIN) values ('101666','DBSNMP','127.0.0.1','WORKGROUP\ALUMNO-F0DF3C14',to_date('05/06/13','DD/MM/RR'),to_date('05/06/13','DD/MM/RR'));
Insert into CAMPUS.CONEXIONES (SESIONID,USUARIO,IP,MAQUINA,INICIO,FIN) values ('101667','DBSNMP','127.0.0.1','WORKGROUP\ALUMNO-F0DF3C14',to_date('05/06/13','DD/MM/RR'),to_date('05/06/13','DD/MM/RR'));
Insert into CAMPUS.CONEXIONES (SESIONID,USUARIO,IP,MAQUINA,INICIO,FIN) values ('101668','DBSNMP','127.0.0.1','WORKGROUP\ALUMNO-F0DF3C14',to_date('05/06/13','DD/MM/RR'),to_date('05/06/13','DD/MM/RR'));
Insert into CAMPUS.CONEXIONES (SESIONID,USUARIO,IP,MAQUINA,INICIO,FIN) values ('101669','DBSNMP','127.0.0.1','WORKGROUP\ALUMNO-F0DF3C14',to_date('05/06/13','DD/MM/RR'),to_date('05/06/13','DD/MM/RR'));
Insert into CAMPUS.CONEXIONES (SESIONID,USUARIO,IP,MAQUINA,INICIO,FIN) values ('101670','DBSNMP','127.0.0.1','WORKGROUP\ALUMNO-F0DF3C14',to_date('05/06/13','DD/MM/RR'),to_date('05/06/13','DD/MM/RR'));
Insert into CAMPUS.CONEXIONES (SESIONID,USUARIO,IP,MAQUINA,INICIO,FIN) values ('101689','CAMPUS',null,'WORKGROUP\ALUMNO-F0DF3C14',to_date('05/06/13','DD/MM/RR'),null);
Insert into CAMPUS.CONEXIONES (SESIONID,USUARIO,IP,MAQUINA,INICIO,FIN) values ('101690','CAMPUS',null,'WORKGROUP\ALUMNO-F0DF3C14',to_date('05/06/13','DD/MM/RR'),null);
REM INSERTING into CAMPUS.CONFIGURACIONES
SET DEFINE OFF;
Insert into CAMPUS.CONFIGURACIONES (COD_CONFIGURACIÓN,COD_USUARIO,EMAIL_MOSTRAR,EMAIL_ACTIVADO,EMAIL_FORMATO,EMAIL_RESUMEN,FORO_SUSCRIPCION,FORO_SEGUIMIENTO,EDITOR_TEXTO,JAVASCRIPT,LECTOR_PANTALLA,ZONA_HORARIA,IDIOMA,MOSTRAR_FOTO) values ('8','10','1','1','1','0','0','0','1','1','1','1','1','1');
Insert into CAMPUS.CONFIGURACIONES (COD_CONFIGURACIÓN,COD_USUARIO,EMAIL_MOSTRAR,EMAIL_ACTIVADO,EMAIL_FORMATO,EMAIL_RESUMEN,FORO_SUSCRIPCION,FORO_SEGUIMIENTO,EDITOR_TEXTO,JAVASCRIPT,LECTOR_PANTALLA,ZONA_HORARIA,IDIOMA,MOSTRAR_FOTO) values ('13','18','1','0','1','1','1','1','1','1','1','2','2','1');
Insert into CAMPUS.CONFIGURACIONES (COD_CONFIGURACIÓN,COD_USUARIO,EMAIL_MOSTRAR,EMAIL_ACTIVADO,EMAIL_FORMATO,EMAIL_RESUMEN,FORO_SUSCRIPCION,FORO_SEGUIMIENTO,EDITOR_TEXTO,JAVASCRIPT,LECTOR_PANTALLA,ZONA_HORARIA,IDIOMA,MOSTRAR_FOTO) values ('98','98','1','1','1','1','1','1','1','1','1','1','1','1');
Insert into CAMPUS.CONFIGURACIONES (COD_CONFIGURACIÓN,COD_USUARIO,EMAIL_MOSTRAR,EMAIL_ACTIVADO,EMAIL_FORMATO,EMAIL_RESUMEN,FORO_SUSCRIPCION,FORO_SEGUIMIENTO,EDITOR_TEXTO,JAVASCRIPT,LECTOR_PANTALLA,ZONA_HORARIA,IDIOMA,MOSTRAR_FOTO) values ('20','115','1','1','1','1','1','1','1','1','1','1','1','1');
Insert into CAMPUS.CONFIGURACIONES (COD_CONFIGURACIÓN,COD_USUARIO,EMAIL_MOSTRAR,EMAIL_ACTIVADO,EMAIL_FORMATO,EMAIL_RESUMEN,FORO_SUSCRIPCION,FORO_SEGUIMIENTO,EDITOR_TEXTO,JAVASCRIPT,LECTOR_PANTALLA,ZONA_HORARIA,IDIOMA,MOSTRAR_FOTO) values ('12','14','1','1','1','1','1','1','1','1','1','1','1','0');
Insert into CAMPUS.CONFIGURACIONES (COD_CONFIGURACIÓN,COD_USUARIO,EMAIL_MOSTRAR,EMAIL_ACTIVADO,EMAIL_FORMATO,EMAIL_RESUMEN,FORO_SUSCRIPCION,FORO_SEGUIMIENTO,EDITOR_TEXTO,JAVASCRIPT,LECTOR_PANTALLA,ZONA_HORARIA,IDIOMA,MOSTRAR_FOTO) values ('3','3','0','1','1','1','1','1','1','1','1','0','1','0');
Insert into CAMPUS.CONFIGURACIONES (COD_CONFIGURACIÓN,COD_USUARIO,EMAIL_MOSTRAR,EMAIL_ACTIVADO,EMAIL_FORMATO,EMAIL_RESUMEN,FORO_SUSCRIPCION,FORO_SEGUIMIENTO,EDITOR_TEXTO,JAVASCRIPT,LECTOR_PANTALLA,ZONA_HORARIA,IDIOMA,MOSTRAR_FOTO) values ('4','4','1','1','1','0','1','0','1','0','1','1','1','0');
Insert into CAMPUS.CONFIGURACIONES (COD_CONFIGURACIÓN,COD_USUARIO,EMAIL_MOSTRAR,EMAIL_ACTIVADO,EMAIL_FORMATO,EMAIL_RESUMEN,FORO_SUSCRIPCION,FORO_SEGUIMIENTO,EDITOR_TEXTO,JAVASCRIPT,LECTOR_PANTALLA,ZONA_HORARIA,IDIOMA,MOSTRAR_FOTO) values ('5','5','1','1','1','1','1','1','1','1','1','1','1','1');
Insert into CAMPUS.CONFIGURACIONES (COD_CONFIGURACIÓN,COD_USUARIO,EMAIL_MOSTRAR,EMAIL_ACTIVADO,EMAIL_FORMATO,EMAIL_RESUMEN,FORO_SUSCRIPCION,FORO_SEGUIMIENTO,EDITOR_TEXTO,JAVASCRIPT,LECTOR_PANTALLA,ZONA_HORARIA,IDIOMA,MOSTRAR_FOTO) values ('6','6','1','1','1','0','0','1','1','1','1','1','1','1');
Insert into CAMPUS.CONFIGURACIONES (COD_CONFIGURACIÓN,COD_USUARIO,EMAIL_MOSTRAR,EMAIL_ACTIVADO,EMAIL_FORMATO,EMAIL_RESUMEN,FORO_SUSCRIPCION,FORO_SEGUIMIENTO,EDITOR_TEXTO,JAVASCRIPT,LECTOR_PANTALLA,ZONA_HORARIA,IDIOMA,MOSTRAR_FOTO) values ('2','2','0','1','1','1','1','1','1','1','1','1','1','0');
Insert into CAMPUS.CONFIGURACIONES (COD_CONFIGURACIÓN,COD_USUARIO,EMAIL_MOSTRAR,EMAIL_ACTIVADO,EMAIL_FORMATO,EMAIL_RESUMEN,FORO_SUSCRIPCION,FORO_SEGUIMIENTO,EDITOR_TEXTO,JAVASCRIPT,LECTOR_PANTALLA,ZONA_HORARIA,IDIOMA,MOSTRAR_FOTO) values ('11','15','1','1','1','0','1','1','1','0','0','1','1','0');
Insert into CAMPUS.CONFIGURACIONES (COD_CONFIGURACIÓN,COD_USUARIO,EMAIL_MOSTRAR,EMAIL_ACTIVADO,EMAIL_FORMATO,EMAIL_RESUMEN,FORO_SUSCRIPCION,FORO_SEGUIMIENTO,EDITOR_TEXTO,JAVASCRIPT,LECTOR_PANTALLA,ZONA_HORARIA,IDIOMA,MOSTRAR_FOTO) values ('24','16','0','0','1','0','0','1','1','1','0','-1','2','0');
Insert into CAMPUS.CONFIGURACIONES (COD_CONFIGURACIÓN,COD_USUARIO,EMAIL_MOSTRAR,EMAIL_ACTIVADO,EMAIL_FORMATO,EMAIL_RESUMEN,FORO_SUSCRIPCION,FORO_SEGUIMIENTO,EDITOR_TEXTO,JAVASCRIPT,LECTOR_PANTALLA,ZONA_HORARIA,IDIOMA,MOSTRAR_FOTO) values ('1','1','1','1','1','1','1','1','1','1','1','1','1','1');
Insert into CAMPUS.CONFIGURACIONES (COD_CONFIGURACIÓN,COD_USUARIO,EMAIL_MOSTRAR,EMAIL_ACTIVADO,EMAIL_FORMATO,EMAIL_RESUMEN,FORO_SUSCRIPCION,FORO_SEGUIMIENTO,EDITOR_TEXTO,JAVASCRIPT,LECTOR_PANTALLA,ZONA_HORARIA,IDIOMA,MOSTRAR_FOTO) values ('7','8','1','0','1','1','0','0','1','0','0','1','1','1');
Insert into CAMPUS.CONFIGURACIONES (COD_CONFIGURACIÓN,COD_USUARIO,EMAIL_MOSTRAR,EMAIL_ACTIVADO,EMAIL_FORMATO,EMAIL_RESUMEN,FORO_SUSCRIPCION,FORO_SEGUIMIENTO,EDITOR_TEXTO,JAVASCRIPT,LECTOR_PANTALLA,ZONA_HORARIA,IDIOMA,MOSTRAR_FOTO) values ('9','7','1','1','1','1','1','1','1','1','1','1','1','1');
Insert into CAMPUS.CONFIGURACIONES (COD_CONFIGURACIÓN,COD_USUARIO,EMAIL_MOSTRAR,EMAIL_ACTIVADO,EMAIL_FORMATO,EMAIL_RESUMEN,FORO_SUSCRIPCION,FORO_SEGUIMIENTO,EDITOR_TEXTO,JAVASCRIPT,LECTOR_PANTALLA,ZONA_HORARIA,IDIOMA,MOSTRAR_FOTO) values ('99','13','1','1','1','0','1','1','1','1','1','1','2','0');
REM INSERTING into CAMPUS.CONTENIDOS
SET DEFINE OFF;
Insert into CAMPUS.CONTENIDOS (COD_ASIGNATURA,COD_ENTRADA,COD_TIPO,NOMBRE,ENLACE,DESCRIPCION,TEMA,ORDEN_VERTICAL,ORDEN_HORIZONTAL,VISIBLE) values ('2','2','6','Programación de escenas',null,null,'2','2','1','1');
Insert into CAMPUS.CONTENIDOS (COD_ASIGNATURA,COD_ENTRADA,COD_TIPO,NOMBRE,ENLACE,DESCRIPCION,TEMA,ORDEN_VERTICAL,ORDEN_HORIZONTAL,VISIBLE) values ('4','2','2','Tema 1',null,null,'1','1','1','1');
Insert into CAMPUS.CONTENIDOS (COD_ASIGNATURA,COD_ENTRADA,COD_TIPO,NOMBRE,ENLACE,DESCRIPCION,TEMA,ORDEN_VERTICAL,ORDEN_HORIZONTAL,VISIBLE) values ('2','7','6','Inserción de sonido en escenas',null,null,'2','3','1','1');
Insert into CAMPUS.CONTENIDOS (COD_ASIGNATURA,COD_ENTRADA,COD_TIPO,NOMBRE,ENLACE,DESCRIPCION,TEMA,ORDEN_VERTICAL,ORDEN_HORIZONTAL,VISIBLE) values ('6','3','3','Tema 3',null,null,'3','1','1','1');
Insert into CAMPUS.CONTENIDOS (COD_ASIGNATURA,COD_ENTRADA,COD_TIPO,NOMBRE,ENLACE,DESCRIPCION,TEMA,ORDEN_VERTICAL,ORDEN_HORIZONTAL,VISIBLE) values ('2','3','2','Escenas y colisiones',null,null,'3','1','1','1');
Insert into CAMPUS.CONTENIDOS (COD_ASIGNATURA,COD_ENTRADA,COD_TIPO,NOMBRE,ENLACE,DESCRIPCION,TEMA,ORDEN_VERTICAL,ORDEN_HORIZONTAL,VISIBLE) values ('2','10','3','Tema 7',null,null,'77','2','1','1');
Insert into CAMPUS.CONTENIDOS (COD_ASIGNATURA,COD_ENTRADA,COD_TIPO,NOMBRE,ENLACE,DESCRIPCION,TEMA,ORDEN_VERTICAL,ORDEN_HORIZONTAL,VISIBLE) values ('2','1','1','Tema 1 - Introduccion',null,null,'1','2','1','1');
Insert into CAMPUS.CONTENIDOS (COD_ASIGNATURA,COD_ENTRADA,COD_TIPO,NOMBRE,ENLACE,DESCRIPCION,TEMA,ORDEN_VERTICAL,ORDEN_HORIZONTAL,VISIBLE) values ('1','1','2','Introduccion 2',null,null,'1','2','1','1');
Insert into CAMPUS.CONTENIDOS (COD_ASIGNATURA,COD_ENTRADA,COD_TIPO,NOMBRE,ENLACE,DESCRIPCION,TEMA,ORDEN_VERTICAL,ORDEN_HORIZONTAL,VISIBLE) values ('1','4','2','Examen Final',null,null,'1','1','1','1');
Insert into CAMPUS.CONTENIDOS (COD_ASIGNATURA,COD_ENTRADA,COD_TIPO,NOMBRE,ENLACE,DESCRIPCION,TEMA,ORDEN_VERTICAL,ORDEN_HORIZONTAL,VISIBLE) values ('7','9','3','TEMA 6 : MONITORES','(null)','(null)','6','1','5','1');
Insert into CAMPUS.CONTENIDOS (COD_ASIGNATURA,COD_ENTRADA,COD_TIPO,NOMBRE,ENLACE,DESCRIPCION,TEMA,ORDEN_VERTICAL,ORDEN_HORIZONTAL,VISIBLE) values ('2','1','3','TEMA 6: MONITORES',null,null,'6','1','5','1');
Insert into CAMPUS.CONTENIDOS (COD_ASIGNATURA,COD_ENTRADA,COD_TIPO,NOMBRE,ENLACE,DESCRIPCION,TEMA,ORDEN_VERTICAL,ORDEN_HORIZONTAL,VISIBLE) values ('2','9','9','Tema 9: supervivencia zombie',null,null,'3','1','1','1');
Insert into CAMPUS.CONTENIDOS (COD_ASIGNATURA,COD_ENTRADA,COD_TIPO,NOMBRE,ENLACE,DESCRIPCION,TEMA,ORDEN_VERTICAL,ORDEN_HORIZONTAL,VISIBLE) values ('4','7','3','Tema 6',null,null,'6','1','1','1');
Insert into CAMPUS.CONTENIDOS (COD_ASIGNATURA,COD_ENTRADA,COD_TIPO,NOMBRE,ENLACE,DESCRIPCION,TEMA,ORDEN_VERTICAL,ORDEN_HORIZONTAL,VISIBLE) values ('1','2','1','Presentaciones',null,null,'1','1','3','1');
Insert into CAMPUS.CONTENIDOS (COD_ASIGNATURA,COD_ENTRADA,COD_TIPO,NOMBRE,ENLACE,DESCRIPCION,TEMA,ORDEN_VERTICAL,ORDEN_HORIZONTAL,VISIBLE) values ('4','1','5','Introducción JFLEX',null,null,'2','1','2','1');
Insert into CAMPUS.CONTENIDOS (COD_ASIGNATURA,COD_ENTRADA,COD_TIPO,NOMBRE,ENLACE,DESCRIPCION,TEMA,ORDEN_VERTICAL,ORDEN_HORIZONTAL,VISIBLE) values ('7','4','4','Dimmer Digital',null,null,'5','1','1','1');
Insert into CAMPUS.CONTENIDOS (COD_ASIGNATURA,COD_ENTRADA,COD_TIPO,NOMBRE,ENLACE,DESCRIPCION,TEMA,ORDEN_VERTICAL,ORDEN_HORIZONTAL,VISIBLE) values ('1','1','1','Introducción',null,null,'1','1','1','1');
Insert into CAMPUS.CONTENIDOS (COD_ASIGNATURA,COD_ENTRADA,COD_TIPO,NOMBRE,ENLACE,DESCRIPCION,TEMA,ORDEN_VERTICAL,ORDEN_HORIZONTAL,VISIBLE) values ('1','3','1','DISPARADORES',null,null,'4','1','1','1');
Insert into CAMPUS.CONTENIDOS (COD_ASIGNATURA,COD_ENTRADA,COD_TIPO,NOMBRE,ENLACE,DESCRIPCION,TEMA,ORDEN_VERTICAL,ORDEN_HORIZONTAL,VISIBLE) values ('3','1','1','Temario',null,null,'2','2','2','0');
Insert into CAMPUS.CONTENIDOS (COD_ASIGNATURA,COD_ENTRADA,COD_TIPO,NOMBRE,ENLACE,DESCRIPCION,TEMA,ORDEN_VERTICAL,ORDEN_HORIZONTAL,VISIBLE) values ('5','4','3','Tema 6',null,null,'4','1','3','0');
Insert into CAMPUS.CONTENIDOS (COD_ASIGNATURA,COD_ENTRADA,COD_TIPO,NOMBRE,ENLACE,DESCRIPCION,TEMA,ORDEN_VERTICAL,ORDEN_HORIZONTAL,VISIBLE) values ('3','5','3','Tema 4',null,null,'4','1','1','1');
Insert into CAMPUS.CONTENIDOS (COD_ASIGNATURA,COD_ENTRADA,COD_TIPO,NOMBRE,ENLACE,DESCRIPCION,TEMA,ORDEN_VERTICAL,ORDEN_HORIZONTAL,VISIBLE) values ('3','6','3','Tema 5',null,null,'5','2','1','1');
REM INSERTING into CAMPUS.CUESTIONARIOS
SET DEFINE OFF;
Insert into CAMPUS.CUESTIONARIOS (DESCRIPCION,ACTIVIDADES_COD_ACTIVIDAD,ACTIVIDADES_COD_ASIGNATURA) values ('Examen nivel sintáctico SIETTE','14','4');
Insert into CAMPUS.CUESTIONARIOS (DESCRIPCION,ACTIVIDADES_COD_ACTIVIDAD,ACTIVIDADES_COD_ASIGNATURA) values ('Test de prueba','52','2');
Insert into CAMPUS.CUESTIONARIOS (DESCRIPCION,ACTIVIDADES_COD_ACTIVIDAD,ACTIVIDADES_COD_ASIGNATURA) values ('Test cutre','61','6');
Insert into CAMPUS.CUESTIONARIOS (DESCRIPCION,ACTIVIDADES_COD_ACTIVIDAD,ACTIVIDADES_COD_ASIGNATURA) values ('Presentacion de Escenas','1234567','2');
Insert into CAMPUS.CUESTIONARIOS (DESCRIPCION,ACTIVIDADES_COD_ACTIVIDAD,ACTIVIDADES_COD_ASIGNATURA) values ('Examen final','2','1');
Insert into CAMPUS.CUESTIONARIOS (DESCRIPCION,ACTIVIDADES_COD_ACTIVIDAD,ACTIVIDADES_COD_ASIGNATURA) values ('Examen expresiones regulares','24','4');
Insert into CAMPUS.CUESTIONARIOS (DESCRIPCION,ACTIVIDADES_COD_ACTIVIDAD,ACTIVIDADES_COD_ASIGNATURA) values ('Examen del primer tema','1','1');
Insert into CAMPUS.CUESTIONARIOS (DESCRIPCION,ACTIVIDADES_COD_ACTIVIDAD,ACTIVIDADES_COD_ASIGNATURA) values ('Examen final','1','4');
Insert into CAMPUS.CUESTIONARIOS (DESCRIPCION,ACTIVIDADES_COD_ACTIVIDAD,ACTIVIDADES_COD_ASIGNATURA) values ('Examen parcial','3','1');
Insert into CAMPUS.CUESTIONARIOS (DESCRIPCION,ACTIVIDADES_COD_ACTIVIDAD,ACTIVIDADES_COD_ASIGNATURA) values ('Test 1','4','1');
Insert into CAMPUS.CUESTIONARIOS (DESCRIPCION,ACTIVIDADES_COD_ACTIVIDAD,ACTIVIDADES_COD_ASIGNATURA) values ('Test 2','17','3');
Insert into CAMPUS.CUESTIONARIOS (DESCRIPCION,ACTIVIDADES_COD_ACTIVIDAD,ACTIVIDADES_COD_ASIGNATURA) values ('Examen parcial','21','5');
Insert into CAMPUS.CUESTIONARIOS (DESCRIPCION,ACTIVIDADES_COD_ACTIVIDAD,ACTIVIDADES_COD_ASIGNATURA) values ('Cuestionario Series','101','3');
Insert into CAMPUS.CUESTIONARIOS (DESCRIPCION,ACTIVIDADES_COD_ACTIVIDAD,ACTIVIDADES_COD_ASIGNATURA) values ('Test seguimiento clase','15','2');
REM INSERTING into CAMPUS.DIARIOS
SET DEFINE OFF;
Insert into CAMPUS.DIARIOS (ACTIVIDADES_COD_ACTIVIDAD,ACTIVIDADES_COD_ASIGNATURA) values ('1','1');
Insert into CAMPUS.DIARIOS (ACTIVIDADES_COD_ACTIVIDAD,ACTIVIDADES_COD_ASIGNATURA) values ('2','1');
Insert into CAMPUS.DIARIOS (ACTIVIDADES_COD_ACTIVIDAD,ACTIVIDADES_COD_ASIGNATURA) values ('3','1');
Insert into CAMPUS.DIARIOS (ACTIVIDADES_COD_ACTIVIDAD,ACTIVIDADES_COD_ASIGNATURA) values ('4','1');
Insert into CAMPUS.DIARIOS (ACTIVIDADES_COD_ACTIVIDAD,ACTIVIDADES_COD_ASIGNATURA) values ('7','1');
Insert into CAMPUS.DIARIOS (ACTIVIDADES_COD_ACTIVIDAD,ACTIVIDADES_COD_ASIGNATURA) values ('10','1');
Insert into CAMPUS.DIARIOS (ACTIVIDADES_COD_ACTIVIDAD,ACTIVIDADES_COD_ASIGNATURA) values ('11','1');
Insert into CAMPUS.DIARIOS (ACTIVIDADES_COD_ACTIVIDAD,ACTIVIDADES_COD_ASIGNATURA) values ('16','2');
Insert into CAMPUS.DIARIOS (ACTIVIDADES_COD_ACTIVIDAD,ACTIVIDADES_COD_ASIGNATURA) values ('25','4');
Insert into CAMPUS.DIARIOS (ACTIVIDADES_COD_ACTIVIDAD,ACTIVIDADES_COD_ASIGNATURA) values ('50','3');
Insert into CAMPUS.DIARIOS (ACTIVIDADES_COD_ACTIVIDAD,ACTIVIDADES_COD_ASIGNATURA) values ('61','6');
Insert into CAMPUS.DIARIOS (ACTIVIDADES_COD_ACTIVIDAD,ACTIVIDADES_COD_ASIGNATURA) values ('101','3');
Insert into CAMPUS.DIARIOS (ACTIVIDADES_COD_ACTIVIDAD,ACTIVIDADES_COD_ASIGNATURA) values ('1234567','2');
REM INSERTING into CAMPUS.DOCUMENTOS
SET DEFINE OFF;
Insert into CAMPUS.DOCUMENTOS (COD_DOC,COD_USUARIO,DIRECTORIO,NOMBRE,TAMAÑO,FECHA_CREADO,FECHA_MODIFICADO) values ('6','10','219.167.3.15/Personal','Guía_del_alumno.pdf','17',to_timestamp('19/09/12 19:29:19,027000000','DD/MM/RR HH24:MI:SSXFF'),null);
Insert into CAMPUS.DOCUMENTOS (COD_DOC,COD_USUARIO,DIRECTORIO,NOMBRE,TAMAÑO,FECHA_CREADO,FECHA_MODIFICADO) values ('1','18','219.167.3.16/movidas','Movidas muy locas.pdf','40',to_timestamp('06/06/66 06:06:06,666667000','DD/MM/RR HH24:MI:SSXFF'),null);
Insert into CAMPUS.DOCUMENTOS (COD_DOC,COD_USUARIO,DIRECTORIO,NOMBRE,TAMAÑO,FECHA_CREADO,FECHA_MODIFICADO) values ('1','98','219.167.3.10/cosas','prghy.pdf','10',to_timestamp('23/04/13 00:00:00,000000000','DD/MM/RR HH24:MI:SSXFF'),to_timestamp('23/04/13 00:00:00,000000000','DD/MM/RR HH24:MI:SSXFF'));
Insert into CAMPUS.DOCUMENTOS (COD_DOC,COD_USUARIO,DIRECTORIO,NOMBRE,TAMAÑO,FECHA_CREADO,FECHA_MODIFICADO) values ('2','17','219.167.2.11/Personal','Pruebas','17',to_timestamp('26/04/13 23:38:04,240000000','DD/MM/RR HH24:MI:SSXFF'),null);
Insert into CAMPUS.DOCUMENTOS (COD_DOC,COD_USUARIO,DIRECTORIO,NOMBRE,TAMAÑO,FECHA_CREADO,FECHA_MODIFICADO) values ('1','14','219.167.2.142/Cosas','archivo.exe','54',to_timestamp('26/04/13 11:08:00,000000000','DD/MM/RR HH24:MI:SSXFF'),null);
Insert into CAMPUS.DOCUMENTOS (COD_DOC,COD_USUARIO,DIRECTORIO,NOMBRE,TAMAÑO,FECHA_CREADO,FECHA_MODIFICADO) values ('5','13','219.167.1.234/BD','practica_3.pdf','300',to_timestamp('20/03/13 13:06:12,300000000','DD/MM/RR HH24:MI:SSXFF'),null);
Insert into CAMPUS.DOCUMENTOS (COD_DOC,COD_USUARIO,DIRECTORIO,NOMBRE,TAMAÑO,FECHA_CREADO,FECHA_MODIFICADO) values ('1','2','219.167.2.9/universidad','Presentacion1.pptx','20',to_timestamp('05/01/13 18:58:10,102300000','DD/MM/RR HH24:MI:SSXFF'),to_timestamp('07/01/13 10:23:02,401600000','DD/MM/RR HH24:MI:SSXFF'));
Insert into CAMPUS.DOCUMENTOS (COD_DOC,COD_USUARIO,DIRECTORIO,NOMBRE,TAMAÑO,FECHA_CREADO,FECHA_MODIFICADO) values ('1','15','219.167.2.1/entregas','Practica_1_PL_felipe','15',to_timestamp('20/10/12 13:16:31,110000000','DD/MM/RR HH24:MI:SSXFF'),null);
Insert into CAMPUS.DOCUMENTOS (COD_DOC,COD_USUARIO,DIRECTORIO,NOMBRE,TAMAÑO,FECHA_CREADO,FECHA_MODIFICADO) values ('2','14','219.167.2.17/despacho','practica_dimmer.pdf','6',to_timestamp('26/04/20 13:00:00,000000000','DD/MM/RR HH24:MI:SSXFF'),to_timestamp('26/04/20 13:00:00,000000000','DD/MM/RR HH24:MI:SSXFF'));
Insert into CAMPUS.DOCUMENTOS (COD_DOC,COD_USUARIO,DIRECTORIO,NOMBRE,TAMAÑO,FECHA_CREADO,FECHA_MODIFICADO) values ('1','1','219.167.2.14/directorio','Introducción.pdf','15',to_timestamp('20/04/13 13:16:31,110000000','DD/MM/RR HH24:MI:SSXFF'),to_timestamp('20/04/13 13:16:39,807000000','DD/MM/RR HH24:MI:SSXFF'));
Insert into CAMPUS.DOCUMENTOS (COD_DOC,COD_USUARIO,DIRECTORIO,NOMBRE,TAMAÑO,FECHA_CREADO,FECHA_MODIFICADO) values ('1','8','219.167.3.2/uma','Tema1.pdf','13',to_timestamp('10/02/13 10:16:13,055000000','DD/MM/RR HH24:MI:SSXFF'),null);
Insert into CAMPUS.DOCUMENTOS (COD_DOC,COD_USUARIO,DIRECTORIO,NOMBRE,TAMAÑO,FECHA_CREADO,FECHA_MODIFICADO) values ('5','5','219.167.3.2/5','5.txt','5',to_timestamp('10/03/13 10:16:13,055000000','DD/MM/RR HH24:MI:SSXFF'),null);
Insert into CAMPUS.DOCUMENTOS (COD_DOC,COD_USUARIO,DIRECTORIO,NOMBRE,TAMAÑO,FECHA_CREADO,FECHA_MODIFICADO) values ('2','11','219.167.3.2/lcc.uma','Tema2.pdf','7',to_timestamp('13/01/13 12:10:13,055000000','DD/MM/RR HH24:MI:SSXFF'),null);
Insert into CAMPUS.DOCUMENTOS (COD_DOC,COD_USUARIO,DIRECTORIO,NOMBRE,TAMAÑO,FECHA_CREADO,FECHA_MODIFICADO) values ('1','13','219.167.2.6/cosas','práctica_robores.pdf','8',to_timestamp('23/04/20 13:00:00,000000000','DD/MM/RR HH24:MI:SSXFF'),to_timestamp('25/04/20 13:00:00,000000000','DD/MM/RR HH24:MI:SSXFF'));
Insert into CAMPUS.DOCUMENTOS (COD_DOC,COD_USUARIO,DIRECTORIO,NOMBRE,TAMAÑO,FECHA_CREADO,FECHA_MODIFICADO) values ('2','13','219.167.2.6/trabajo','memoria_practica1.pdf','6',to_timestamp('25/04/20 16:07:34,300010000','DD/MM/RR HH24:MI:SSXFF'),null);
Insert into CAMPUS.DOCUMENTOS (COD_DOC,COD_USUARIO,DIRECTORIO,NOMBRE,TAMAÑO,FECHA_CREADO,FECHA_MODIFICADO) values ('1','23','219.167.2.6/got','libros de juego de tronos.pdf','250',to_timestamp('28/04/89 00:00:00,000000000','DD/MM/RR HH24:MI:SSXFF'),null);
Insert into CAMPUS.DOCUMENTOS (COD_DOC,COD_USUARIO,DIRECTORIO,NOMBRE,TAMAÑO,FECHA_CREADO,FECHA_MODIFICADO) values ('2','115','219.167.2.115/tal','practica videojuegos.pdf','23',to_timestamp('26/04/13 20:17:43,371000000','DD/MM/RR HH24:MI:SSXFF'),null);
REM INSERTING into CAMPUS.ENTREGAS
SET DEFINE OFF;
Insert into CAMPUS.ENTREGAS (COD_ASIGNATURA,COD_ACTIVIDAD,COD_USUARIO,ENTREGA,FECHA_ENTREGA,NOTA) values ('2','12','10','Videojuego_JAVA3D.zip',to_date('29/04/13','DD/MM/RR'),null);
Insert into CAMPUS.ENTREGAS (COD_ASIGNATURA,COD_ACTIVIDAD,COD_USUARIO,ENTREGA,FECHA_ENTREGA,NOTA) values ('2','12','18','Prototipo_Java.zip',null,null);
Insert into CAMPUS.ENTREGAS (COD_ASIGNATURA,COD_ACTIVIDAD,COD_USUARIO,ENTREGA,FECHA_ENTREGA,NOTA) values ('6','61','98','trabajo.pdf',to_date('23/04/13','DD/MM/RR'),null);
Insert into CAMPUS.ENTREGAS (COD_ASIGNATURA,COD_ACTIVIDAD,COD_USUARIO,ENTREGA,FECHA_ENTREGA,NOTA) values ('2','1234567','17','Videojuegos',to_date('26/04/13','DD/MM/RR'),null);
Insert into CAMPUS.ENTREGAS (COD_ASIGNATURA,COD_ACTIVIDAD,COD_USUARIO,ENTREGA,FECHA_ENTREGA,NOTA) values ('1','3','1','grupos.txt',to_date('01/05/13','DD/MM/RR'),null);
Insert into CAMPUS.ENTREGAS (COD_ASIGNATURA,COD_ACTIVIDAD,COD_USUARIO,ENTREGA,FECHA_ENTREGA,NOTA) values ('1','3','14','nombregrupo.doc',to_date('26/04/13','DD/MM/RR'),null);
Insert into CAMPUS.ENTREGAS (COD_ASIGNATURA,COD_ACTIVIDAD,COD_USUARIO,ENTREGA,FECHA_ENTREGA,NOTA) values ('2','100','100','Examen.rar',to_date('12/02/13','DD/MM/RR'),null);
Insert into CAMPUS.ENTREGAS (COD_ASIGNATURA,COD_ACTIVIDAD,COD_USUARIO,ENTREGA,FECHA_ENTREGA,NOTA) values ('1','4','2','CREATE TABLE MENSAJES (Codigo NUMBER(20) primary key,',to_date('12/04/13','DD/MM/RR'),null);
Insert into CAMPUS.ENTREGAS (COD_ASIGNATURA,COD_ACTIVIDAD,COD_USUARIO,ENTREGA,FECHA_ENTREGA,NOTA) values ('4','26','15','practica_felip.rar',to_date('13/12/12','DD/MM/RR'),'8');
Insert into CAMPUS.ENTREGAS (COD_ASIGNATURA,COD_ACTIVIDAD,COD_USUARIO,ENTREGA,FECHA_ENTREGA,NOTA) values ('3','50','16','EjercicioCalculo.zip',to_date('28/04/13','DD/MM/RR'),'7');
Insert into CAMPUS.ENTREGAS (COD_ASIGNATURA,COD_ACTIVIDAD,COD_USUARIO,ENTREGA,FECHA_ENTREGA,NOTA) values ('1','1','13','ejerDimmer.rar',to_date('26/04/13','DD/MM/RR'),'9');
Insert into CAMPUS.ENTREGAS (COD_ASIGNATURA,COD_ACTIVIDAD,COD_USUARIO,ENTREGA,FECHA_ENTREGA,NOTA) values ('1','1','1','CV.rar',to_date('20/04/13','DD/MM/RR'),null);
Insert into CAMPUS.ENTREGAS (COD_ASIGNATURA,COD_ACTIVIDAD,COD_USUARIO,ENTREGA,FECHA_ENTREGA,NOTA) values ('1','1','3','campusVirtual.zip',to_date('20/04/13','DD/MM/RR'),null);
Insert into CAMPUS.ENTREGAS (COD_ASIGNATURA,COD_ACTIVIDAD,COD_USUARIO,ENTREGA,FECHA_ENTREGA,NOTA) values ('1','1','2','zip.zip',to_date('20/04/13','DD/MM/RR'),null);
Insert into CAMPUS.ENTREGAS (COD_ASIGNATURA,COD_ACTIVIDAD,COD_USUARIO,ENTREGA,FECHA_ENTREGA,NOTA) values ('1','2','1','nombre.rar',to_date('21/02/13','DD/MM/RR'),null);
Insert into CAMPUS.ENTREGAS (COD_ASIGNATURA,COD_ACTIVIDAD,COD_USUARIO,ENTREGA,FECHA_ENTREGA,NOTA) values ('1','10','3','diagrama E/R.rar',to_date('26/04/13','DD/MM/RR'),null);
Insert into CAMPUS.ENTREGAS (COD_ASIGNATURA,COD_ACTIVIDAD,COD_USUARIO,ENTREGA,FECHA_ENTREGA,NOTA) values ('3','20','13','miejercicio.pdf',to_date('11/01/13','DD/MM/RR'),null);
Insert into CAMPUS.ENTREGAS (COD_ASIGNATURA,COD_ACTIVIDAD,COD_USUARIO,ENTREGA,FECHA_ENTREGA,NOTA) values ('3','101','13','relacion1.pdf',to_date('26/04/13','DD/MM/RR'),null);
REM INSERTING into CAMPUS.FOROS
SET DEFINE OFF;
Insert into CAMPUS.FOROS (TITULO,VISIBILIDAD_FORO,ACTIVIDADES_COD_ACTIVIDAD,ACTIVIDADES_COD_ASIGNATURA) values ('Foro para noticias interesantes','1','16','2');
Insert into CAMPUS.FOROS (TITULO,VISIBILIDAD_FORO,ACTIVIDADES_COD_ACTIVIDAD,ACTIVIDADES_COD_ASIGNATURA) values ('EL FORO','1','1234567','2');
Insert into CAMPUS.FOROS (TITULO,VISIBILIDAD_FORO,ACTIVIDADES_COD_ACTIVIDAD,ACTIVIDADES_COD_ASIGNATURA) values ('Foro de noticias y novedades','1','9','1');
Insert into CAMPUS.FOROS (TITULO,VISIBILIDAD_FORO,ACTIVIDADES_COD_ACTIVIDAD,ACTIVIDADES_COD_ASIGNATURA) values ('Foro procesadores de lenguajes','1','27','4');
Insert into CAMPUS.FOROS (TITULO,VISIBILIDAD_FORO,ACTIVIDADES_COD_ACTIVIDAD,ACTIVIDADES_COD_ASIGNATURA) values ('Foro de dudas','1','3','1');
Insert into CAMPUS.FOROS (TITULO,VISIBILIDAD_FORO,ACTIVIDADES_COD_ACTIVIDAD,ACTIVIDADES_COD_ASIGNATURA) values ('Foro sobre Java3D','1','1','2');
Insert into CAMPUS.FOROS (TITULO,VISIBILIDAD_FORO,ACTIVIDADES_COD_ACTIVIDAD,ACTIVIDADES_COD_ASIGNATURA) values ('Foro sobre gustos musicales','1','2','1');
Insert into CAMPUS.FOROS (TITULO,VISIBILIDAD_FORO,ACTIVIDADES_COD_ACTIVIDAD,ACTIVIDADES_COD_ASIGNATURA) values ('Foro Primera Relacion','1','101','3');
Insert into CAMPUS.FOROS (TITULO,VISIBILIDAD_FORO,ACTIVIDADES_COD_ACTIVIDAD,ACTIVIDADES_COD_ASIGNATURA) values ('Foro Juego de Tronos','1','20','3');
Insert into CAMPUS.FOROS (TITULO,VISIBILIDAD_FORO,ACTIVIDADES_COD_ACTIVIDAD,ACTIVIDADES_COD_ASIGNATURA) values ('Foro juego 3d','1','100','2');
REM INSERTING into CAMPUS.GRUPOS
SET DEFINE OFF;
Insert into CAMPUS.GRUPOS (COD_GRUPO,NOMBRE,DESCRIPCION) values ('5','Avatar',null);
Insert into CAMPUS.GRUPOS (COD_GRUPO,NOMBRE,DESCRIPCION) values ('9','Cab. Mesa Cuadrada','Buscamos el Santo Grial');
Insert into CAMPUS.GRUPOS (COD_GRUPO,NOMBRE,DESCRIPCION) values ('17','GRUPO77','Todo lo que no hacen los anteriores 76 grupos');
Insert into CAMPUS.GRUPOS (COD_GRUPO,NOMBRE,DESCRIPCION) values ('3','Equipo A',null);
Insert into CAMPUS.GRUPOS (COD_GRUPO,NOMBRE,DESCRIPCION) values ('8','Asvere',null);
Insert into CAMPUS.GRUPOS (COD_GRUPO,NOMBRE,DESCRIPCION) values ('20','Los Afiladores','Afilamos lápices por afición');
Insert into CAMPUS.GRUPOS (COD_GRUPO,NOMBRE,DESCRIPCION) values ('10','ENFERMOS','Gente mal de la cabeza');
Insert into CAMPUS.GRUPOS (COD_GRUPO,NOMBRE,DESCRIPCION) values ('69','Casa Stark','Estamos muy preocupados, nuestro padre ha perdido la cabeza');
Insert into CAMPUS.GRUPOS (COD_GRUPO,NOMBRE,DESCRIPCION) values ('2','Equipo 7',null);
Insert into CAMPUS.GRUPOS (COD_GRUPO,NOMBRE,DESCRIPCION) values ('32','Jordans',null);
Insert into CAMPUS.GRUPOS (COD_GRUPO,NOMBRE,DESCRIPCION) values ('1','High Five',null);
Insert into CAMPUS.GRUPOS (COD_GRUPO,NOMBRE,DESCRIPCION) values ('4','Los DoReMi',null);
Insert into CAMPUS.GRUPOS (COD_GRUPO,NOMBRE,DESCRIPCION) values ('6','Alemanes',null);
Insert into CAMPUS.GRUPOS (COD_GRUPO,NOMBRE,DESCRIPCION) values ('7','HaCkerSss!',null);
Insert into CAMPUS.GRUPOS (COD_GRUPO,NOMBRE,DESCRIPCION) values ('21','BERYC-SW','Software eficiente');
Insert into CAMPUS.GRUPOS (COD_GRUPO,NOMBRE,DESCRIPCION) values ('23','Jon Snow''s friends','Jon Snow nunca sabra quien es su madre');
Insert into CAMPUS.GRUPOS (COD_GRUPO,NOMBRE,DESCRIPCION) values ('66','Los SolFaMiDas','No nos hemos copiado de ningun otro grupo ');
REM INSERTING into CAMPUS.MATRICULA
SET DEFINE OFF;
Insert into CAMPUS.MATRICULA (COD_USUARIO,COD_GRUPO,COD_ASIGNATURA,NOTA,CALIFICACION) values ('10','3','2','8','NOTABLE');
Insert into CAMPUS.MATRICULA (COD_USUARIO,COD_GRUPO,COD_ASIGNATURA,NOTA,CALIFICACION) values ('18','9','2','9','SOBRESALIENTE');
Insert into CAMPUS.MATRICULA (COD_USUARIO,COD_GRUPO,COD_ASIGNATURA,NOTA,CALIFICACION) values ('102',null,'3','9,99','MATRICULA DE HONOR');
Insert into CAMPUS.MATRICULA (COD_USUARIO,COD_GRUPO,COD_ASIGNATURA,NOTA,CALIFICACION) values ('17','17','2','5',null);
Insert into CAMPUS.MATRICULA (COD_USUARIO,COD_GRUPO,COD_ASIGNATURA,NOTA,CALIFICACION) values ('4','1','1','8,6','NOTABLE');
Insert into CAMPUS.MATRICULA (COD_USUARIO,COD_GRUPO,COD_ASIGNATURA,NOTA,CALIFICACION) values ('14','8','1','8','NOTABLE');
Insert into CAMPUS.MATRICULA (COD_USUARIO,COD_GRUPO,COD_ASIGNATURA,NOTA,CALIFICACION) values ('14','8','2','7','NOTABLE');
Insert into CAMPUS.MATRICULA (COD_USUARIO,COD_GRUPO,COD_ASIGNATURA,NOTA,CALIFICACION) values ('3',null,'3','2','SUSPENSO');
Insert into CAMPUS.MATRICULA (COD_USUARIO,COD_GRUPO,COD_ASIGNATURA,NOTA,CALIFICACION) values ('5','2','1','4,9','SUSPENSO');
Insert into CAMPUS.MATRICULA (COD_USUARIO,COD_GRUPO,COD_ASIGNATURA,NOTA,CALIFICACION) values ('6','2','1','5','APROBADO');
Insert into CAMPUS.MATRICULA (COD_USUARIO,COD_GRUPO,COD_ASIGNATURA,NOTA,CALIFICACION) values ('7',null,'2','7','NOTABLE');
Insert into CAMPUS.MATRICULA (COD_USUARIO,COD_GRUPO,COD_ASIGNATURA,NOTA,CALIFICACION) values ('100',null,'2',null,null);
Insert into CAMPUS.MATRICULA (COD_USUARIO,COD_GRUPO,COD_ASIGNATURA,NOTA,CALIFICACION) values ('100',null,'3',null,null);
Insert into CAMPUS.MATRICULA (COD_USUARIO,COD_GRUPO,COD_ASIGNATURA,NOTA,CALIFICACION) values ('220','10','4','7,99','NOTABLE');
Insert into CAMPUS.MATRICULA (COD_USUARIO,COD_GRUPO,COD_ASIGNATURA,NOTA,CALIFICACION) values ('2',null,'2','6,5','APROBADO');
Insert into CAMPUS.MATRICULA (COD_USUARIO,COD_GRUPO,COD_ASIGNATURA,NOTA,CALIFICACION) values ('15','20','4','10','SOBRESALIENTE');
Insert into CAMPUS.MATRICULA (COD_USUARIO,COD_GRUPO,COD_ASIGNATURA,NOTA,CALIFICACION) values ('15','8','2','7','NOTABLE');
Insert into CAMPUS.MATRICULA (COD_USUARIO,COD_GRUPO,COD_ASIGNATURA,NOTA,CALIFICACION) values ('15',null,'1','5','APROBADO');
Insert into CAMPUS.MATRICULA (COD_USUARIO,COD_GRUPO,COD_ASIGNATURA,NOTA,CALIFICACION) values ('16','8','3',null,null);
Insert into CAMPUS.MATRICULA (COD_USUARIO,COD_GRUPO,COD_ASIGNATURA,NOTA,CALIFICACION) values ('16',null,'4','7','NOTABLE');
Insert into CAMPUS.MATRICULA (COD_USUARIO,COD_GRUPO,COD_ASIGNATURA,NOTA,CALIFICACION) values ('11',null,'4','8','NOTABLE');
Insert into CAMPUS.MATRICULA (COD_USUARIO,COD_GRUPO,COD_ASIGNATURA,NOTA,CALIFICACION) values ('1','1','1','8,1','NOTABLE');
Insert into CAMPUS.MATRICULA (COD_USUARIO,COD_GRUPO,COD_ASIGNATURA,NOTA,CALIFICACION) values ('5',null,'4','9,5','MATRICULA DE HONOR');
Insert into CAMPUS.MATRICULA (COD_USUARIO,COD_GRUPO,COD_ASIGNATURA,NOTA,CALIFICACION) values ('8','3','2','10','MATRICULA DE HONOR');
Insert into CAMPUS.MATRICULA (COD_USUARIO,COD_GRUPO,COD_ASIGNATURA,NOTA,CALIFICACION) values ('11',null,'1','5','APROBADO');
Insert into CAMPUS.MATRICULA (COD_USUARIO,COD_GRUPO,COD_ASIGNATURA,NOTA,CALIFICACION) values ('9',null,'2','6','APROBADO');
Insert into CAMPUS.MATRICULA (COD_USUARIO,COD_GRUPO,COD_ASIGNATURA,NOTA,CALIFICACION) values ('13',null,'3','7','NOTABLE');
Insert into CAMPUS.MATRICULA (COD_USUARIO,COD_GRUPO,COD_ASIGNATURA,NOTA,CALIFICACION) values ('13',null,'4','6','APROBADO');
Insert into CAMPUS.MATRICULA (COD_USUARIO,COD_GRUPO,COD_ASIGNATURA,NOTA,CALIFICACION) values ('13',null,'2','4,99','SUSPENSO');
Insert into CAMPUS.MATRICULA (COD_USUARIO,COD_GRUPO,COD_ASIGNATURA,NOTA,CALIFICACION) values ('23','20','1','9','SOBRESALIENTE');
Insert into CAMPUS.MATRICULA (COD_USUARIO,COD_GRUPO,COD_ASIGNATURA,NOTA,CALIFICACION) values ('115','66','2','9','SUSPENSO');
REM INSERTING into CAMPUS.MENSAJES
SET DEFINE OFF;
Insert into CAMPUS.MENSAJES (COD_MENSAJE,COD_ASIGNATURA,COD_ACTIVIDAD,COD_USUARIO,FECHA,TITULO,CONTENIDO,COD_MENSAJE1) values ('6','2','16','10',to_timestamp('25/04/13 19:59:01,764000000','DD/MM/RR HH24:MI:SSXFF'),'Motor gráfico PhysX','Acabo de encontrar un artículo muy interesante.',null);
Insert into CAMPUS.MENSAJES (COD_MENSAJE,COD_ASIGNATURA,COD_ACTIVIDAD,COD_USUARIO,FECHA,TITULO,CONTENIDO,COD_MENSAJE1) values ('9','1','3','14',to_timestamp('26/04/13 11:05:20,000000000','DD/MM/RR HH24:MI:SSXFF'),'Duda','¿Cuando es la tutoria?',null);
Insert into CAMPUS.MENSAJES (COD_MENSAJE,COD_ASIGNATURA,COD_ACTIVIDAD,COD_USUARIO,FECHA,TITULO,CONTENIDO,COD_MENSAJE1) values ('3','1','3','4',to_timestamp('25/04/13 09:07:00,222000000','DD/MM/RR HH24:MI:SSXFF'),'Re:Re:Duda Tema 1','Además, recuerda mirar esta otra: www.uma.es','2');
Insert into CAMPUS.MENSAJES (COD_MENSAJE,COD_ASIGNATURA,COD_ACTIVIDAD,COD_USUARIO,FECHA,TITULO,CONTENIDO,COD_MENSAJE1) values ('2','1','3','2',to_timestamp('20/04/13 18:05:34,230000000','DD/MM/RR HH24:MI:SSXFF'),'Re:Duda Tema 1','Mira esta página web','1');
Insert into CAMPUS.MENSAJES (COD_MENSAJE,COD_ASIGNATURA,COD_ACTIVIDAD,COD_USUARIO,FECHA,TITULO,CONTENIDO,COD_MENSAJE1) values ('8','4','27','15',to_timestamp('25/04/13 00:00:00,000000000','DD/MM/RR HH24:MI:SSXFF'),'Tema 4','El tema 4 tiene un error y no se puede abrir',null);
Insert into CAMPUS.MENSAJES (COD_MENSAJE,COD_ASIGNATURA,COD_ACTIVIDAD,COD_USUARIO,FECHA,TITULO,CONTENIDO,COD_MENSAJE1) values ('50','2','16','16',to_timestamp('26/04/13 11:04:13,645000000','DD/MM/RR HH24:MI:SSXFF'),'Probando cosas varias','El examen de Calculo va a ser realmente dificil','6');
Insert into CAMPUS.MENSAJES (COD_MENSAJE,COD_ASIGNATURA,COD_ACTIVIDAD,COD_USUARIO,FECHA,TITULO,CONTENIDO,COD_MENSAJE1) values ('1','1','3','1',to_timestamp('20/04/13 13:54:17,660000000','DD/MM/RR HH24:MI:SSXFF'),'Duda Tema 1','Hola!',null);
Insert into CAMPUS.MENSAJES (COD_MENSAJE,COD_ASIGNATURA,COD_ACTIVIDAD,COD_USUARIO,FECHA,TITULO,CONTENIDO,COD_MENSAJE1) values ('4','1','3','3',to_timestamp('25/04/13 12:10:10,234000000','DD/MM/RR HH24:MI:SSXFF'),'Transparencia 2','Buenas, tengo una duda en esta transparencia',null);
Insert into CAMPUS.MENSAJES (COD_MENSAJE,COD_ASIGNATURA,COD_ACTIVIDAD,COD_USUARIO,FECHA,TITULO,CONTENIDO,COD_MENSAJE1) values ('5','2','1','5',to_timestamp('25/05/13 12:10:10,234000000','DD/MM/RR HH24:MI:SSXFF'),'Mensaje de Prueba','Era de prueba',null);
Insert into CAMPUS.MENSAJES (COD_MENSAJE,COD_ASIGNATURA,COD_ACTIVIDAD,COD_USUARIO,FECHA,TITULO,CONTENIDO,COD_MENSAJE1) values ('7','1','3','13',to_timestamp('25/04/13 00:00:00,000000000','DD/MM/RR HH24:MI:SSXFF'),'Diapositivas nuevas','¿Están ya subidas las diapositivas de nivel físico?',null);
Insert into CAMPUS.MENSAJES (COD_MENSAJE,COD_ASIGNATURA,COD_ACTIVIDAD,COD_USUARIO,FECHA,TITULO,CONTENIDO,COD_MENSAJE1) values ('51','3','101','13',to_timestamp('25/04/13 23:55:00,000000000','DD/MM/RR HH24:MI:SSXFF'),'Mañana hay clase??','No me acuerdo muy bien si era mañana o el viernes cuando no teníamos clase, mañana hay clase?',null);
Insert into CAMPUS.MENSAJES (COD_MENSAJE,COD_ASIGNATURA,COD_ACTIVIDAD,COD_USUARIO,FECHA,TITULO,CONTENIDO,COD_MENSAJE1) values ('13','1','3','23',to_timestamp('28/04/13 23:55:00,000000000','DD/MM/RR HH24:MI:SSXFF'),'Rey de Westeros','Viva Griff el Joven.',null);
Insert into CAMPUS.MENSAJES (COD_MENSAJE,COD_ASIGNATURA,COD_ACTIVIDAD,COD_USUARIO,FECHA,TITULO,CONTENIDO,COD_MENSAJE1) values ('66','2','100','115',to_timestamp('26/04/13 20:32:57,094000000','DD/MM/RR HH24:MI:SSXFF'),'Mi tigre no se mueve','He puesto un tigre en el juego en 3d pero esta triste y no quiere moverse mas, ¿que hago?, solo llora mucho y me preocupa',null);
Insert into CAMPUS.MENSAJES (COD_MENSAJE,COD_ASIGNATURA,COD_ACTIVIDAD,COD_USUARIO,FECHA,TITULO,CONTENIDO,COD_MENSAJE1) values ('23','1','3','23',to_timestamp('26/04/13 03:15:00,000000000','DD/MM/RR HH24:MI:SSXFF'),'Homer J','Con él es como si no llevara nada. Ese Flanders y su erotismo.',null);
REM INSERTING into CAMPUS.PREGUNTAS
SET DEFINE OFF;
Insert into CAMPUS.PREGUNTAS (COD_PREGUNTA,COD_ASIGNATURA,COD_ACTIVIDAD,TEXTO) values ('5','4','14','¿Cuándo demanda un token el analizador sintáctico en un compilador de una pasada?');
Insert into CAMPUS.PREGUNTAS (COD_PREGUNTA,COD_ASIGNATURA,COD_ACTIVIDAD,TEXTO) values ('13','2','52','¿Qué modelo de representación de la escena se emplea en Java3D?');
Insert into CAMPUS.PREGUNTAS (COD_PREGUNTA,COD_ASIGNATURA,COD_ACTIVIDAD,TEXTO) values ('98','6','61','Hola');
Insert into CAMPUS.PREGUNTAS (COD_PREGUNTA,COD_ASIGNATURA,COD_ACTIVIDAD,TEXTO) values ('17','2','1234567','Ni pies ni cabeza');
Insert into CAMPUS.PREGUNTAS (COD_PREGUNTA,COD_ASIGNATURA,COD_ACTIVIDAD,TEXTO) values ('7','1','1','¿Para que sirve un CREATE TABLE?');
Insert into CAMPUS.PREGUNTAS (COD_PREGUNTA,COD_ASIGNATURA,COD_ACTIVIDAD,TEXTO) values ('3','1','1','¿Los datos y los metadatos de una tabla externa se almacenan externamente a la base de datos?');
Insert into CAMPUS.PREGUNTAS (COD_PREGUNTA,COD_ASIGNATURA,COD_ACTIVIDAD,TEXTO) values ('20','1','2','¿Qué sentencia se usa para cerrar una base de datos?');
Insert into CAMPUS.PREGUNTAS (COD_PREGUNTA,COD_ASIGNATURA,COD_ACTIVIDAD,TEXTO) values ('8','4','24','CAB(A->aA)');
Insert into CAMPUS.PREGUNTAS (COD_PREGUNTA,COD_ASIGNATURA,COD_ACTIVIDAD,TEXTO) values ('12','4','14','¿Que ocurrio en el año 1+1?');
Insert into CAMPUS.PREGUNTAS (COD_PREGUNTA,COD_ASIGNATURA,COD_ACTIVIDAD,TEXTO) values ('110','1','2','¿Que es un NullPointerException?');
Insert into CAMPUS.PREGUNTAS (COD_PREGUNTA,COD_ASIGNATURA,COD_ACTIVIDAD,TEXTO) values ('1','1','1','¿Con qué vista podemos acceder a los disparadores del usuario?');
Insert into CAMPUS.PREGUNTAS (COD_PREGUNTA,COD_ASIGNATURA,COD_ACTIVIDAD,TEXTO) values ('2','1','1','El valor NULL se representa almacenando cero en la longitud y nada en los datos');
Insert into CAMPUS.PREGUNTAS (COD_PREGUNTA,COD_ASIGNATURA,COD_ACTIVIDAD,TEXTO) values ('4','1','2','2 + 2 =');
Insert into CAMPUS.PREGUNTAS (COD_PREGUNTA,COD_ASIGNATURA,COD_ACTIVIDAD,TEXTO) values ('6','1','2','¿Qué sentencia se usa para abrir una base de datos?');
Insert into CAMPUS.PREGUNTAS (COD_PREGUNTA,COD_ASIGNATURA,COD_ACTIVIDAD,TEXTO) values ('99','1','2','no se puede realizar una inserción null? que significa eso!');
Insert into CAMPUS.PREGUNTAS (COD_PREGUNTA,COD_ASIGNATURA,COD_ACTIVIDAD,TEXTO) values ('23','1','2','¿quien es la madre de Jon Nieve?');
REM INSERTING into CAMPUS.REGISTROS
SET DEFINE OFF;
Insert into CAMPUS.REGISTROS (COD_REGISTRO,COD_USUARIO,COD_ASIGNATURA,COD_ACTIVIDAD,ACCION,FECHA) values ('5','10','4','14','Acceso',to_timestamp('15/11/13 19:54:41,999000000','DD/MM/RR HH24:MI:SSXFF'));
Insert into CAMPUS.REGISTROS (COD_REGISTRO,COD_USUARIO,COD_ASIGNATURA,COD_ACTIVIDAD,ACCION,FECHA) values ('13','18','2','51','Acceso',to_timestamp('26/04/13 12:08:02,086000000','DD/MM/RR HH24:MI:SSXFF'));
Insert into CAMPUS.REGISTROS (COD_REGISTRO,COD_USUARIO,COD_ASIGNATURA,COD_ACTIVIDAD,ACCION,FECHA) values ('17','17','2','1234567','Acceso',to_timestamp('26/04/13 23:42:49,329000000','DD/MM/RR HH24:MI:SSXFF'));
Insert into CAMPUS.REGISTROS (COD_REGISTRO,COD_USUARIO,COD_ASIGNATURA,COD_ACTIVIDAD,ACCION,FECHA) values ('3','2','1','4','Modificación',to_timestamp('12/04/13 11:06:56,345600000','DD/MM/RR HH24:MI:SSXFF'));
Insert into CAMPUS.REGISTROS (COD_REGISTRO,COD_USUARIO,COD_ASIGNATURA,COD_ACTIVIDAD,ACCION,FECHA) values ('2','2','1','4','Modificación',to_timestamp('09/04/13 13:56:10,102300000','DD/MM/RR HH24:MI:SSXFF'));
Insert into CAMPUS.REGISTROS (COD_REGISTRO,COD_USUARIO,COD_ASIGNATURA,COD_ACTIVIDAD,ACCION,FECHA) values ('10','15','4','24','Acceso',to_timestamp('03/12/12 00:00:00,000000000','DD/MM/RR HH24:MI:SSXFF'));
Insert into CAMPUS.REGISTROS (COD_REGISTRO,COD_USUARIO,COD_ASIGNATURA,COD_ACTIVIDAD,ACCION,FECHA) values ('12','16','3','50','Acceso',to_timestamp('26/04/13 11:20:48,136000000','DD/MM/RR HH24:MI:SSXFF'));
Insert into CAMPUS.REGISTROS (COD_REGISTRO,COD_USUARIO,COD_ASIGNATURA,COD_ACTIVIDAD,ACCION,FECHA) values ('1','1','1','1','Acceso',to_timestamp('20/04/13 13:47:33,944000000','DD/MM/RR HH24:MI:SSXFF'));
Insert into CAMPUS.REGISTROS (COD_REGISTRO,COD_USUARIO,COD_ASIGNATURA,COD_ACTIVIDAD,ACCION,FECHA) values ('4','3','1','2','Acceso',to_timestamp('25/04/13 10:03:18,086000000','DD/MM/RR HH24:MI:SSXFF'));
Insert into CAMPUS.REGISTROS (COD_REGISTRO,COD_USUARIO,COD_ASIGNATURA,COD_ACTIVIDAD,ACCION,FECHA) values ('6','3','1','2','Acceso',to_timestamp('25/04/13 12:34:02,086000000','DD/MM/RR HH24:MI:SSXFF'));
Insert into CAMPUS.REGISTROS (COD_REGISTRO,COD_USUARIO,COD_ASIGNATURA,COD_ACTIVIDAD,ACCION,FECHA) values ('14','13','3','101','Acceso',to_timestamp('26/04/13 13:34:12,086000000','DD/MM/RR HH24:MI:SSXFF'));
Insert into CAMPUS.REGISTROS (COD_REGISTRO,COD_USUARIO,COD_ASIGNATURA,COD_ACTIVIDAD,ACCION,FECHA) values ('22','115','2','100','Acceso',to_timestamp('26/04/13 20:27:10,466000000','DD/MM/RR HH24:MI:SSXFF'));
REM INSERTING into CAMPUS.RESPUESTA
SET DEFINE OFF;
Insert into CAMPUS.RESPUESTA (COD_USUARIO,COD_PREGUNTA,RESPUESTA,NOTA) values ('5','5','Cuando lo necesita',null);
Insert into CAMPUS.RESPUESTA (COD_USUARIO,COD_PREGUNTA,RESPUESTA,NOTA) values ('18','13','Grafo de escena',null);
Insert into CAMPUS.RESPUESTA (COD_USUARIO,COD_PREGUNTA,RESPUESTA,NOTA) values ('98','98','Adios',null);
Insert into CAMPUS.RESPUESTA (COD_USUARIO,COD_PREGUNTA,RESPUESTA,NOTA) values ('17','17','Ni pies ni cabeza',null);
Insert into CAMPUS.RESPUESTA (COD_USUARIO,COD_PREGUNTA,RESPUESTA,NOTA) values ('14','7','Para crear una tabla',null);
Insert into CAMPUS.RESPUESTA (COD_USUARIO,COD_PREGUNTA,RESPUESTA,NOTA) values ('2','3','Falso',null);
Insert into CAMPUS.RESPUESTA (COD_USUARIO,COD_PREGUNTA,RESPUESTA,NOTA) values ('100','20','Ninguna es correcta',null);
Insert into CAMPUS.RESPUESTA (COD_USUARIO,COD_PREGUNTA,RESPUESTA,NOTA) values ('15','8','a',null);
Insert into CAMPUS.RESPUESTA (COD_USUARIO,COD_PREGUNTA,RESPUESTA,NOTA) values ('16','12','True',null);
Insert into CAMPUS.RESPUESTA (COD_USUARIO,COD_PREGUNTA,RESPUESTA,NOTA) values ('1','3','Si, es cierto.',null);
Insert into CAMPUS.RESPUESTA (COD_USUARIO,COD_PREGUNTA,RESPUESTA,NOTA) values ('3','1','True',null);
Insert into CAMPUS.RESPUESTA (COD_USUARIO,COD_PREGUNTA,RESPUESTA,NOTA) values ('1','1','USER_TRIGGERS',null);
Insert into CAMPUS.RESPUESTA (COD_USUARIO,COD_PREGUNTA,RESPUESTA,NOTA) values ('2','2','Verdadero',null);
Insert into CAMPUS.RESPUESTA (COD_USUARIO,COD_PREGUNTA,RESPUESTA,NOTA) values ('5','1','Hola',null);
Insert into CAMPUS.RESPUESTA (COD_USUARIO,COD_PREGUNTA,RESPUESTA,NOTA) values ('11','3','True',null);
Insert into CAMPUS.RESPUESTA (COD_USUARIO,COD_PREGUNTA,RESPUESTA,NOTA) values ('8','3','drop table',null);
Insert into CAMPUS.RESPUESTA (COD_USUARIO,COD_PREGUNTA,RESPUESTA,NOTA) values ('1','99','No lo se, vuelve a instalar el developer',null);
Insert into CAMPUS.RESPUESTA (COD_USUARIO,COD_PREGUNTA,RESPUESTA,NOTA) values ('115','2','Has suspendido no preguntes mas',null);
Insert into CAMPUS.RESPUESTA (COD_USUARIO,COD_PREGUNTA,RESPUESTA,NOTA) values ('23','23','La de la rosa azul!!',null);
REM INSERTING into CAMPUS.ROLES
SET DEFINE OFF;
Insert into CAMPUS.ROLES (COD_ROL,NOMBRE,DESCRIPCIÓN) values ('3','Invitado','Invitado que ve una asignatura');
Insert into CAMPUS.ROLES (COD_ROL,NOMBRE,DESCRIPCIÓN) values ('2','Profesor','Profesor de una asignatura');
Insert into CAMPUS.ROLES (COD_ROL,NOMBRE,DESCRIPCIÓN) values ('1','Alumno','Alumno de una asignatura');
REM INSERTING into CAMPUS.ROLES_USUARIOS
SET DEFINE OFF;
Insert into CAMPUS.ROLES_USUARIOS (ROLES_COD_ROL,USUARIOS_COD_USUARIO) values ('1','1');
Insert into CAMPUS.ROLES_USUARIOS (ROLES_COD_ROL,USUARIOS_COD_USUARIO) values ('1','2');
Insert into CAMPUS.ROLES_USUARIOS (ROLES_COD_ROL,USUARIOS_COD_USUARIO) values ('1','3');
Insert into CAMPUS.ROLES_USUARIOS (ROLES_COD_ROL,USUARIOS_COD_USUARIO) values ('1','4');
Insert into CAMPUS.ROLES_USUARIOS (ROLES_COD_ROL,USUARIOS_COD_USUARIO) values ('1','5');
Insert into CAMPUS.ROLES_USUARIOS (ROLES_COD_ROL,USUARIOS_COD_USUARIO) values ('1','6');
Insert into CAMPUS.ROLES_USUARIOS (ROLES_COD_ROL,USUARIOS_COD_USUARIO) values ('1','7');
Insert into CAMPUS.ROLES_USUARIOS (ROLES_COD_ROL,USUARIOS_COD_USUARIO) values ('1','13');
Insert into CAMPUS.ROLES_USUARIOS (ROLES_COD_ROL,USUARIOS_COD_USUARIO) values ('1','14');
Insert into CAMPUS.ROLES_USUARIOS (ROLES_COD_ROL,USUARIOS_COD_USUARIO) values ('1','15');
Insert into CAMPUS.ROLES_USUARIOS (ROLES_COD_ROL,USUARIOS_COD_USUARIO) values ('1','16');
Insert into CAMPUS.ROLES_USUARIOS (ROLES_COD_ROL,USUARIOS_COD_USUARIO) values ('1','17');
Insert into CAMPUS.ROLES_USUARIOS (ROLES_COD_ROL,USUARIOS_COD_USUARIO) values ('1','23');
Insert into CAMPUS.ROLES_USUARIOS (ROLES_COD_ROL,USUARIOS_COD_USUARIO) values ('1','98');
Insert into CAMPUS.ROLES_USUARIOS (ROLES_COD_ROL,USUARIOS_COD_USUARIO) values ('1','100');
Insert into CAMPUS.ROLES_USUARIOS (ROLES_COD_ROL,USUARIOS_COD_USUARIO) values ('1','115');
Insert into CAMPUS.ROLES_USUARIOS (ROLES_COD_ROL,USUARIOS_COD_USUARIO) values ('2','8');
Insert into CAMPUS.ROLES_USUARIOS (ROLES_COD_ROL,USUARIOS_COD_USUARIO) values ('2','10');
REM INSERTING into CAMPUS.TAREAS
SET DEFINE OFF;
Insert into CAMPUS.TAREAS (DESCRIPCION,IMPEDIR_ENVIOS_RETRASADOS,REENVIO_DESP_CALIF,ALERTA_EMAIL_PROF,TAMAÑO_MAX,ACTIVIDADES_COD_ACTIVIDAD,ACTIVIDADES_COD_ASIGNATURA) values ('Entregar trabajo individual','0','0','1','50','12','2');
Insert into CAMPUS.TAREAS (DESCRIPCION,IMPEDIR_ENVIOS_RETRASADOS,REENVIO_DESP_CALIF,ALERTA_EMAIL_PROF,TAMAÑO_MAX,ACTIVIDADES_COD_ACTIVIDAD,ACTIVIDADES_COD_ASIGNATURA) values ('Completar el test de prueba','1','0','0','30','52','2');
Insert into CAMPUS.TAREAS (DESCRIPCION,IMPEDIR_ENVIOS_RETRASADOS,REENVIO_DESP_CALIF,ALERTA_EMAIL_PROF,TAMAÑO_MAX,ACTIVIDADES_COD_ACTIVIDAD,ACTIVIDADES_COD_ASIGNATURA) values ('Entregar todo','0','0','1','20','61','6');
Insert into CAMPUS.TAREAS (DESCRIPCION,IMPEDIR_ENVIOS_RETRASADOS,REENVIO_DESP_CALIF,ALERTA_EMAIL_PROF,TAMAÑO_MAX,ACTIVIDADES_COD_ACTIVIDAD,ACTIVIDADES_COD_ASIGNATURA) values ('Entregar algo','1','1','1','77','1234567','2');
Insert into CAMPUS.TAREAS (DESCRIPCION,IMPEDIR_ENVIOS_RETRASADOS,REENVIO_DESP_CALIF,ALERTA_EMAIL_PROF,TAMAÑO_MAX,ACTIVIDADES_COD_ACTIVIDAD,ACTIVIDADES_COD_ASIGNATURA) values ('Entraga composición de grupos','0','1','1','9','2','1');
Insert into CAMPUS.TAREAS (DESCRIPCION,IMPEDIR_ENVIOS_RETRASADOS,REENVIO_DESP_CALIF,ALERTA_EMAIL_PROF,TAMAÑO_MAX,ACTIVIDADES_COD_ACTIVIDAD,ACTIVIDADES_COD_ASIGNATURA) values ('Diario para completar la práctica','0','1','0','10','4','1');
Insert into CAMPUS.TAREAS (DESCRIPCION,IMPEDIR_ENVIOS_RETRASADOS,REENVIO_DESP_CALIF,ALERTA_EMAIL_PROF,TAMAÑO_MAX,ACTIVIDADES_COD_ACTIVIDAD,ACTIVIDADES_COD_ASIGNATURA) values ('Entrega ejercicios Tema 2','1','0','0','10','50','3');
Insert into CAMPUS.TAREAS (DESCRIPCION,IMPEDIR_ENVIOS_RETRASADOS,REENVIO_DESP_CALIF,ALERTA_EMAIL_PROF,TAMAÑO_MAX,ACTIVIDADES_COD_ACTIVIDAD,ACTIVIDADES_COD_ASIGNATURA) values ('Examen parcial PL','1','1','1','50','31','4');
Insert into CAMPUS.TAREAS (DESCRIPCION,IMPEDIR_ENVIOS_RETRASADOS,REENVIO_DESP_CALIF,ALERTA_EMAIL_PROF,TAMAÑO_MAX,ACTIVIDADES_COD_ACTIVIDAD,ACTIVIDADES_COD_ASIGNATURA) values ('Entregar por grupos el Modelo ER del Campus Virtual','0','1','1','5','1','1');
Insert into CAMPUS.TAREAS (DESCRIPCION,IMPEDIR_ENVIOS_RETRASADOS,REENVIO_DESP_CALIF,ALERTA_EMAIL_PROF,TAMAÑO_MAX,ACTIVIDADES_COD_ACTIVIDAD,ACTIVIDADES_COD_ASIGNATURA) values ('Subid un zip con el fichero y el directorio que genera el Data Modeler.','1','0','1','5','8','1');
Insert into CAMPUS.TAREAS (DESCRIPCION,IMPEDIR_ENVIOS_RETRASADOS,REENVIO_DESP_CALIF,ALERTA_EMAIL_PROF,TAMAÑO_MAX,ACTIVIDADES_COD_ACTIVIDAD,ACTIVIDADES_COD_ASIGNATURA) values ('Subir la practiva del otro dia','1','0','1','50','7','1');
Insert into CAMPUS.TAREAS (DESCRIPCION,IMPEDIR_ENVIOS_RETRASADOS,REENVIO_DESP_CALIF,ALERTA_EMAIL_PROF,TAMAÑO_MAX,ACTIVIDADES_COD_ACTIVIDAD,ACTIVIDADES_COD_ASIGNATURA) values ('Subir examen','0','1','0','3','1','2');
Insert into CAMPUS.TAREAS (DESCRIPCION,IMPEDIR_ENVIOS_RETRASADOS,REENVIO_DESP_CALIF,ALERTA_EMAIL_PROF,TAMAÑO_MAX,ACTIVIDADES_COD_ACTIVIDAD,ACTIVIDADES_COD_ASIGNATURA) values ('Entrega ejercicio opcional cónicas','1','0','1','8','20','3');
Insert into CAMPUS.TAREAS (DESCRIPCION,IMPEDIR_ENVIOS_RETRASADOS,REENVIO_DESP_CALIF,ALERTA_EMAIL_PROF,TAMAÑO_MAX,ACTIVIDADES_COD_ACTIVIDAD,ACTIVIDADES_COD_ASIGNATURA) values ('Entrega Relacion 1','1','1','1','25','101','3');
Insert into CAMPUS.TAREAS (DESCRIPCION,IMPEDIR_ENVIOS_RETRASADOS,REENVIO_DESP_CALIF,ALERTA_EMAIL_PROF,TAMAÑO_MAX,ACTIVIDADES_COD_ACTIVIDAD,ACTIVIDADES_COD_ASIGNATURA) values ('Entrega por grupos','1','1','1','20','100','2');
REM INSERTING into CAMPUS.TIPOS_CONTENIDOS
SET DEFINE OFF;
Insert into CAMPUS.TIPOS_CONTENIDOS (COD_TIPO,NOMBRE) values ('6','Artículo');
Insert into CAMPUS.TIPOS_CONTENIDOS (COD_TIPO,NOMBRE) values ('9','Vídeo');
Insert into CAMPUS.TIPOS_CONTENIDOS (COD_TIPO,NOMBRE) values ('17','Test');
Insert into CAMPUS.TIPOS_CONTENIDOS (COD_TIPO,NOMBRE) values ('4','Imagen');
Insert into CAMPUS.TIPOS_CONTENIDOS (COD_TIPO,NOMBRE) values ('3','Carpeta');
Insert into CAMPUS.TIPOS_CONTENIDOS (COD_TIPO,NOMBRE) values ('7','Diario');
Insert into CAMPUS.TIPOS_CONTENIDOS (COD_TIPO,NOMBRE) values ('2','Enlace');
Insert into CAMPUS.TIPOS_CONTENIDOS (COD_TIPO,NOMBRE) values ('8','Wiki');
Insert into CAMPUS.TIPOS_CONTENIDOS (COD_TIPO,NOMBRE) values ('1','Texto');
Insert into CAMPUS.TIPOS_CONTENIDOS (COD_TIPO,NOMBRE) values ('5','Fichero');
Insert into CAMPUS.TIPOS_CONTENIDOS (COD_TIPO,NOMBRE) values ('10','Manual');
Insert into CAMPUS.TIPOS_CONTENIDOS (COD_TIPO,NOMBRE) values ('11','BaseDatos');
REM INSERTING into CAMPUS.TITULACIONES
SET DEFINE OFF;
Insert into CAMPUS.TITULACIONES (COD_TITULACION,COD_CENTRO,NOMBRE,AÑO) values ('1','1','GRADO ING. INFORMATICA','2012');
Insert into CAMPUS.TITULACIONES (COD_TITULACION,COD_CENTRO,NOMBRE,AÑO) values ('3','1','GRADO ING. COMPUTADORES','2012');
Insert into CAMPUS.TITULACIONES (COD_TITULACION,COD_CENTRO,NOMBRE,AÑO) values ('4','1','GRADO ING. SALUD','2012');
Insert into CAMPUS.TITULACIONES (COD_TITULACION,COD_CENTRO,NOMBRE,AÑO) values ('2','1','GRADO ING. SOFTWARE','2012');
REM INSERTING into CAMPUS.T_PERMISOS
SET DEFINE OFF;
Insert into CAMPUS.T_PERMISOS (USUARIO,OBJETO,FECHA,PERMISO,ACTIVO) values ('USU1','V_PERMISOS',to_date('20/05/13','DD/MM/RR'),'SELECT','1');
Insert into CAMPUS.T_PERMISOS (USUARIO,OBJETO,FECHA,PERMISO,ACTIVO) values ('USU2','V_RESULTADO',to_date('22/05/13','DD/MM/RR'),'INSERT','1');
Insert into CAMPUS.T_PERMISOS (USUARIO,OBJETO,FECHA,PERMISO,ACTIVO) values ('USU1','V_PERMISOS',to_date('23/05/13','DD/MM/RR'),'SELECT','0');
REM INSERTING into CAMPUS.USUARIOS
SET DEFINE OFF;
Insert into CAMPUS.USUARIOS (COD_USUARIO,DNI,NOMBRE,APELLIDOS,CIUDAD,PAIS,EMAIL,DESCRIPCION,DESC_IMAGEN,INTERESES,USUARIO_ORACLE,CLAVE_ORACLE) values ('10','28975479C','Aurora','Gutiérrez Plasencia','Málaga','España','aur_gp91@uma.es',null,null,null,'ABD28975479C','ABD28975479C');
Insert into CAMPUS.USUARIOS (COD_USUARIO,DNI,NOMBRE,APELLIDOS,CIUDAD,PAIS,EMAIL,DESCRIPCION,DESC_IMAGEN,INTERESES,USUARIO_ORACLE,CLAVE_ORACLE) values ('18','13371337A','Sir Lancelot','De Camelot','Camelot','Reino Unido','galope@sondoscocoschocando.com',null,null,'Busco el Santo Grial','ABD13371337A','ABD13371337A');
Insert into CAMPUS.USUARIOS (COD_USUARIO,DNI,NOMBRE,APELLIDOS,CIUDAD,PAIS,EMAIL,DESCRIPCION,DESC_IMAGEN,INTERESES,USUARIO_ORACLE,CLAVE_ORACLE) values ('102','12345678a','Ana','López','Málaga','España','ana_lopez@alu.uma.es',null,null,'aburrise sola en casa','ABD12345678a','ABD12345678a');
Insert into CAMPUS.USUARIOS (COD_USUARIO,DNI,NOMBRE,APELLIDOS,CIUDAD,PAIS,EMAIL,DESCRIPCION,DESC_IMAGEN,INTERESES,USUARIO_ORACLE,CLAVE_ORACLE) values ('98','87645387Y','Pelo','Gutierrez Gutierrez','Malaga','España','pelogutierrez@gutierrez.com',null,null,'ninguno','ABD87645387Y','ABD87645387Y');
Insert into CAMPUS.USUARIOS (COD_USUARIO,DNI,NOMBRE,APELLIDOS,CIUDAD,PAIS,EMAIL,DESCRIPCION,DESC_IMAGEN,INTERESES,USUARIO_ORACLE,CLAVE_ORACLE) values ('115','x3865204p','Alan','Martellotti','Málaga','España','DreamofAnacondas@hotmail.com',null,null,'Música,guitarra','ABDx3865204p','ABDx3865204p');
Insert into CAMPUS.USUARIOS (COD_USUARIO,DNI,NOMBRE,APELLIDOS,CIUDAD,PAIS,EMAIL,DESCRIPCION,DESC_IMAGEN,INTERESES,USUARIO_ORACLE,CLAVE_ORACLE) values ('17','25737473J','Francisco','Sarabia Martinez','Malaga','España','ellosnadie@gmail.com',null,null,null,'ABD25737473J','ABD25737473J');
Insert into CAMPUS.USUARIOS (COD_USUARIO,DNI,NOMBRE,APELLIDOS,CIUDAD,PAIS,EMAIL,DESCRIPCION,DESC_IMAGEN,INTERESES,USUARIO_ORACLE,CLAVE_ORACLE) values ('4','23456789W','José','Luque Molinero','Málaga','España','jll@gmail.com',null,null,null,'ABD23456789W','ABD23456789W');
Insert into CAMPUS.USUARIOS (COD_USUARIO,DNI,NOMBRE,APELLIDOS,CIUDAD,PAIS,EMAIL,DESCRIPCION,DESC_IMAGEN,INTERESES,USUARIO_ORACLE,CLAVE_ORACLE) values ('14','54876589G','Albert','Einstein','Ulm','Alemania','relatividad@teoria.com',null,null,null,'ABD54876589G','ABD54876589G');
Insert into CAMPUS.USUARIOS (COD_USUARIO,DNI,NOMBRE,APELLIDOS,CIUDAD,PAIS,EMAIL,DESCRIPCION,DESC_IMAGEN,INTERESES,USUARIO_ORACLE,CLAVE_ORACLE) values ('3','25637226T','Francisco Manuel','Palomino Palómez','Torremolinos','España','fmpp@fmpp.com',null,null,null,'ABD25637226T','ABD25637226T');
Insert into CAMPUS.USUARIOS (COD_USUARIO,DNI,NOMBRE,APELLIDOS,CIUDAD,PAIS,EMAIL,DESCRIPCION,DESC_IMAGEN,INTERESES,USUARIO_ORACLE,CLAVE_ORACLE) values ('5','40000000B','Agustín','Espada López','Málaga','España','aguespada@uma.es',null,null,null,'ABD40000000B','ABD40000000B');
Insert into CAMPUS.USUARIOS (COD_USUARIO,DNI,NOMBRE,APELLIDOS,CIUDAD,PAIS,EMAIL,DESCRIPCION,DESC_IMAGEN,INTERESES,USUARIO_ORACLE,CLAVE_ORACLE) values ('6','76981277H','Helena','Santiago España','Torremolinos','España','hesane@alu.uma.es',null,null,null,'ABD76981277H','ABD76981277H');
Insert into CAMPUS.USUARIOS (COD_USUARIO,DNI,NOMBRE,APELLIDOS,CIUDAD,PAIS,EMAIL,DESCRIPCION,DESC_IMAGEN,INTERESES,USUARIO_ORACLE,CLAVE_ORACLE) values ('7','27649017R','Mercedes','Castillo Valverde','Antequera','España','mercedescastillo@uma.es',null,null,null,'ABD27649017R','ABD27649017R');
Insert into CAMPUS.USUARIOS (COD_USUARIO,DNI,NOMBRE,APELLIDOS,CIUDAD,PAIS,EMAIL,DESCRIPCION,DESC_IMAGEN,INTERESES,USUARIO_ORACLE,CLAVE_ORACLE) values ('100','31475852F','Chorrica','Afilador Lapices','Málaga','España','elafilaor@gmail.com',null,null,'Afilar las puntas de los lápices','ABD31475852F','ABD31475852F');
Insert into CAMPUS.USUARIOS (COD_USUARIO,DNI,NOMBRE,APELLIDOS,CIUDAD,PAIS,EMAIL,DESCRIPCION,DESC_IMAGEN,INTERESES,USUARIO_ORACLE,CLAVE_ORACLE) values ('220','21212121K','Natsu','Dragneel','Otawa','Japón','dragneel@ft.jp',null,null,null,'ABD21212121K','ABD21212121K');
Insert into CAMPUS.USUARIOS (COD_USUARIO,DNI,NOMBRE,APELLIDOS,CIUDAD,PAIS,EMAIL,DESCRIPCION,DESC_IMAGEN,INTERESES,USUARIO_ORACLE,CLAVE_ORACLE) values ('69','66666666W','Ricardo','Boquerone','Muleoh','Masleoh','satisfasionelasjusti@pubistotallity.com',null,null,'No quiero pensar en el amor(8)','ABD66666666W','ABD66666666W');
Insert into CAMPUS.USUARIOS (COD_USUARIO,DNI,NOMBRE,APELLIDOS,CIUDAD,PAIS,EMAIL,DESCRIPCION,DESC_IMAGEN,INTERESES,USUARIO_ORACLE,CLAVE_ORACLE) values ('546','11223344 ','Paco','Gertela','Malaga','España','Pacogertela@gmail.com',null,null,'Dinero','ABD11223344 ','ABD11223344 ');
Insert into CAMPUS.USUARIOS (COD_USUARIO,DNI,NOMBRE,APELLIDOS,CIUDAD,PAIS,EMAIL,DESCRIPCION,DESC_IMAGEN,INTERESES,USUARIO_ORACLE,CLAVE_ORACLE) values ('2','11112222A','Víctor','García Martín','Fuengirola','España','vic-garmin@gmail.com',null,null,null,'ABD11112222A','ABD11112222A');
Insert into CAMPUS.USUARIOS (COD_USUARIO,DNI,NOMBRE,APELLIDOS,CIUDAD,PAIS,EMAIL,DESCRIPCION,DESC_IMAGEN,INTERESES,USUARIO_ORACLE,CLAVE_ORACLE) values ('15','74234123D','Felipe','Ruiz Jiménez','Málaga','España','felip@msn.com',null,null,'Videojuegos','ABD74234123D','ABD74234123D');
Insert into CAMPUS.USUARIOS (COD_USUARIO,DNI,NOMBRE,APELLIDOS,CIUDAD,PAIS,EMAIL,DESCRIPCION,DESC_IMAGEN,INTERESES,USUARIO_ORACLE,CLAVE_ORACLE) values ('16','25698425P','Gaulos','Anonimo','Salou','España','Anonimato@eterno.com',null,null,'Ser Anonimo','ABD25698425P','ABD25698425P');
Insert into CAMPUS.USUARIOS (COD_USUARIO,DNI,NOMBRE,APELLIDOS,CIUDAD,PAIS,EMAIL,DESCRIPCION,DESC_IMAGEN,INTERESES,USUARIO_ORACLE,CLAVE_ORACLE) values ('110','12356478E','Periquito','Sanchez','Estepona','España','Periquito@delosPalotes.com',null,null,'Baloncesto','ABD12356478E','ABD12356478E');
Insert into CAMPUS.USUARIOS (COD_USUARIO,DNI,NOMBRE,APELLIDOS,CIUDAD,PAIS,EMAIL,DESCRIPCION,DESC_IMAGEN,INTERESES,USUARIO_ORACLE,CLAVE_ORACLE) values ('135','12345678W','Jose','Maldini','Málaga','España','maldino@gmail.com',null,null,null,'ABD12345678W','ABD12345678W');
Insert into CAMPUS.USUARIOS (COD_USUARIO,DNI,NOMBRE,APELLIDOS,CIUDAD,PAIS,EMAIL,DESCRIPCION,DESC_IMAGEN,INTERESES,USUARIO_ORACLE,CLAVE_ORACLE) values ('1','30000000C','Alicia','Fernández Ramírez','Málaga','España','alicia_fr@gmail.com',null,null,null,'ABD30000000C','ABD30000000C');
Insert into CAMPUS.USUARIOS (COD_USUARIO,DNI,NOMBRE,APELLIDOS,CIUDAD,PAIS,EMAIL,DESCRIPCION,DESC_IMAGEN,INTERESES,USUARIO_ORACLE,CLAVE_ORACLE) values ('8','25341500D','Alfonso','Rodriguez Aguilar','Mijas','España','alfonsora@gmail.com',null,null,null,'ABD25341500D','ABD25341500D');
Insert into CAMPUS.USUARIOS (COD_USUARIO,DNI,NOMBRE,APELLIDOS,CIUDAD,PAIS,EMAIL,DESCRIPCION,DESC_IMAGEN,INTERESES,USUARIO_ORACLE,CLAVE_ORACLE) values ('9','11111111A','Medaka','Kurokami','Hakoniwa','España','memolanlaschicascongafas@hotmail.com',null,null,null,'ABD11111111A','ABD11111111A');
Insert into CAMPUS.USUARIOS (COD_USUARIO,DNI,NOMBRE,APELLIDOS,CIUDAD,PAIS,EMAIL,DESCRIPCION,DESC_IMAGEN,INTERESES,USUARIO_ORACLE,CLAVE_ORACLE) values ('11','14725836K','Christina','Kurisu','Granada','EEspaña','Steins@sern.com',null,null,null,'ABD14725836K','ABD14725836K');
Insert into CAMPUS.USUARIOS (COD_USUARIO,DNI,NOMBRE,APELLIDOS,CIUDAD,PAIS,EMAIL,DESCRIPCION,DESC_IMAGEN,INTERESES,USUARIO_ORACLE,CLAVE_ORACLE) values ('12','11234345J','Pepe','Medalla Oro','Granada','España','pmedalla@uma.es',null,null,null,'ABD11234345J','ABD11234345J');
Insert into CAMPUS.USUARIOS (COD_USUARIO,DNI,NOMBRE,APELLIDOS,CIUDAD,PAIS,EMAIL,DESCRIPCION,DESC_IMAGEN,INTERESES,USUARIO_ORACLE,CLAVE_ORACLE) values ('13','75124195K','Sansa','Stark','Málaga','España','sansastark@gmail.com',null,null,'Coser, canciones de caballeros.','ABD75124195K','ABD75124195K');
Insert into CAMPUS.USUARIOS (COD_USUARIO,DNI,NOMBRE,APELLIDOS,CIUDAD,PAIS,EMAIL,DESCRIPCION,DESC_IMAGEN,INTERESES,USUARIO_ORACLE,CLAVE_ORACLE) values ('101','99128748X','Romualdo','Libelula','Málaga','España','romu999@yopmail.com',null,null,'la ganaderia y trashumancia','ABD99128748X','ABD99128748X');
Insert into CAMPUS.USUARIOS (COD_USUARIO,DNI,NOMBRE,APELLIDOS,CIUDAD,PAIS,EMAIL,DESCRIPCION,DESC_IMAGEN,INTERESES,USUARIO_ORACLE,CLAVE_ORACLE) values ('23','44653321Z','Tyrion','Lannister','Casterly Rock','Poniente','elaltodelafamilia@yguapo.com',null,null,'Dinero, putas y alcohol','ABD44653321Z','ABD44653321Z');
--------------------------------------------------------
--  DDL for Index CUESTIONARIOS_PK
--------------------------------------------------------

  CREATE UNIQUE INDEX "CAMPUS"."CUESTIONARIOS_PK" ON "CAMPUS"."CUESTIONARIOS" ("ACTIVIDADES_COD_ACTIVIDAD", "ACTIVIDADES_COD_ASIGNATURA") 
  PCTFREE 10 INITRANS 2 MAXTRANS 255 COMPUTE STATISTICS 
  STORAGE(INITIAL 65536 NEXT 1048576 MINEXTENTS 1 MAXEXTENTS 2147483645
  PCTINCREASE 0 FREELISTS 1 FREELIST GROUPS 1 BUFFER_POOL DEFAULT FLASH_CACHE DEFAULT CELL_FLASH_CACHE DEFAULT)
  TABLESPACE "TS_CAMPUS" ;
--------------------------------------------------------
--  DDL for Index EMAIL_UK
--------------------------------------------------------

  CREATE UNIQUE INDEX "CAMPUS"."EMAIL_UK" ON "CAMPUS"."USUARIOS" ("EMAIL") 
  PCTFREE 10 INITRANS 2 MAXTRANS 255 COMPUTE STATISTICS 
  STORAGE(INITIAL 65536 NEXT 1048576 MINEXTENTS 1 MAXEXTENTS 2147483645
  PCTINCREASE 0 FREELISTS 1 FREELIST GROUPS 1 BUFFER_POOL DEFAULT FLASH_CACHE DEFAULT CELL_FLASH_CACHE DEFAULT)
  TABLESPACE "TS_CAMPUS" ;
--------------------------------------------------------
--  DDL for Index DIARIOS_PK
--------------------------------------------------------

  CREATE UNIQUE INDEX "CAMPUS"."DIARIOS_PK" ON "CAMPUS"."DIARIOS" ("ACTIVIDADES_COD_ACTIVIDAD", "ACTIVIDADES_COD_ASIGNATURA") 
  PCTFREE 10 INITRANS 2 MAXTRANS 255 COMPUTE STATISTICS 
  STORAGE(INITIAL 65536 NEXT 1048576 MINEXTENTS 1 MAXEXTENTS 2147483645
  PCTINCREASE 0 FREELISTS 1 FREELIST GROUPS 1 BUFFER_POOL DEFAULT FLASH_CACHE DEFAULT CELL_FLASH_CACHE DEFAULT)
  TABLESPACE "TS_CAMPUS" ;
--------------------------------------------------------
--  DDL for Index FOROS_PK
--------------------------------------------------------

  CREATE UNIQUE INDEX "CAMPUS"."FOROS_PK" ON "CAMPUS"."FOROS" ("ACTIVIDADES_COD_ACTIVIDAD", "ACTIVIDADES_COD_ASIGNATURA") 
  PCTFREE 10 INITRANS 2 MAXTRANS 255 COMPUTE STATISTICS 
  STORAGE(INITIAL 65536 NEXT 1048576 MINEXTENTS 1 MAXEXTENTS 2147483645
  PCTINCREASE 0 FREELISTS 1 FREELIST GROUPS 1 BUFFER_POOL DEFAULT FLASH_CACHE DEFAULT CELL_FLASH_CACHE DEFAULT)
  TABLESPACE "TS_CAMPUS" ;
--------------------------------------------------------
--  DDL for Index Entrada PK
--------------------------------------------------------

  CREATE UNIQUE INDEX "CAMPUS"."Entrada PK" ON "CAMPUS"."CONTENIDOS" ("COD_ENTRADA", "COD_ASIGNATURA", "COD_TIPO") 
  PCTFREE 10 INITRANS 2 MAXTRANS 255 COMPUTE STATISTICS 
  STORAGE(INITIAL 65536 NEXT 1048576 MINEXTENTS 1 MAXEXTENTS 2147483645
  PCTINCREASE 0 FREELISTS 1 FREELIST GROUPS 1 BUFFER_POOL DEFAULT FLASH_CACHE DEFAULT CELL_FLASH_CACHE DEFAULT)
  TABLESPACE "TS_CAMPUS" ;
--------------------------------------------------------
--  DDL for Index CENTRO_PK
--------------------------------------------------------

  CREATE UNIQUE INDEX "CAMPUS"."CENTRO_PK" ON "CAMPUS"."CENTROS" ("COD_CENTRO") 
  PCTFREE 10 INITRANS 2 MAXTRANS 255 COMPUTE STATISTICS 
  STORAGE(INITIAL 65536 NEXT 1048576 MINEXTENTS 1 MAXEXTENTS 2147483645
  PCTINCREASE 0 FREELISTS 1 FREELIST GROUPS 1 BUFFER_POOL DEFAULT FLASH_CACHE DEFAULT CELL_FLASH_CACHE DEFAULT)
  TABLESPACE "TS_CAMPUS" ;
--------------------------------------------------------
--  DDL for Index PK_RESPUESTA
--------------------------------------------------------

  CREATE UNIQUE INDEX "CAMPUS"."PK_RESPUESTA" ON "CAMPUS"."RESPUESTA" ("COD_USUARIO", "COD_PREGUNTA") 
  PCTFREE 10 INITRANS 2 MAXTRANS 255 COMPUTE STATISTICS 
  STORAGE(INITIAL 65536 NEXT 1048576 MINEXTENTS 1 MAXEXTENTS 2147483645
  PCTINCREASE 0 FREELISTS 1 FREELIST GROUPS 1 BUFFER_POOL DEFAULT FLASH_CACHE DEFAULT CELL_FLASH_CACHE DEFAULT)
  TABLESPACE "TS_CAMPUS" ;
--------------------------------------------------------
--  DDL for Index Actividad PK
--------------------------------------------------------

  CREATE UNIQUE INDEX "CAMPUS"."Actividad PK" ON "CAMPUS"."ACTIVIDADES" ("COD_ACTIVIDAD", "COD_ASIGNATURA") 
  PCTFREE 10 INITRANS 2 MAXTRANS 255 COMPUTE STATISTICS 
  STORAGE(INITIAL 65536 NEXT 1048576 MINEXTENTS 1 MAXEXTENTS 2147483645
  PCTINCREASE 0 FREELISTS 1 FREELIST GROUPS 1 BUFFER_POOL DEFAULT FLASH_CACHE DEFAULT CELL_FLASH_CACHE DEFAULT)
  TABLESPACE "TS_CAMPUS" ;
--------------------------------------------------------
--  DDL for Index REGISTROS PK
--------------------------------------------------------

  CREATE UNIQUE INDEX "CAMPUS"."REGISTROS PK" ON "CAMPUS"."REGISTROS" ("COD_REGISTRO") 
  PCTFREE 10 INITRANS 2 MAXTRANS 255 COMPUTE STATISTICS 
  STORAGE(INITIAL 65536 NEXT 1048576 MINEXTENTS 1 MAXEXTENTS 2147483645
  PCTINCREASE 0 FREELISTS 1 FREELIST GROUPS 1 BUFFER_POOL DEFAULT FLASH_CACHE DEFAULT CELL_FLASH_CACHE DEFAULT)
  TABLESPACE "TS_CAMPUS" ;
--------------------------------------------------------
--  DDL for Index Rol PK
--------------------------------------------------------

  CREATE UNIQUE INDEX "CAMPUS"."Rol PK" ON "CAMPUS"."ROLES" ("COD_ROL") 
  PCTFREE 10 INITRANS 2 MAXTRANS 255 COMPUTE STATISTICS 
  STORAGE(INITIAL 65536 NEXT 1048576 MINEXTENTS 1 MAXEXTENTS 2147483645
  PCTINCREASE 0 FREELISTS 1 FREELIST GROUPS 1 BUFFER_POOL DEFAULT FLASH_CACHE DEFAULT CELL_FLASH_CACHE DEFAULT)
  TABLESPACE "TS_CAMPUS" ;
--------------------------------------------------------
--  DDL for Index Asignatura PK
--------------------------------------------------------

  CREATE UNIQUE INDEX "CAMPUS"."Asignatura PK" ON "CAMPUS"."ASIGNATURAS" ("COD_ASIGNATURA") 
  PCTFREE 10 INITRANS 2 MAXTRANS 255 COMPUTE STATISTICS 
  STORAGE(INITIAL 65536 NEXT 1048576 MINEXTENTS 1 MAXEXTENTS 2147483645
  PCTINCREASE 0 FREELISTS 1 FREELIST GROUPS 1 BUFFER_POOL DEFAULT FLASH_CACHE DEFAULT CELL_FLASH_CACHE DEFAULT)
  TABLESPACE "TS_CAMPUS" ;
--------------------------------------------------------
--  DDL for Index Documento PK
--------------------------------------------------------

  CREATE UNIQUE INDEX "CAMPUS"."Documento PK" ON "CAMPUS"."DOCUMENTOS" ("COD_DOC", "COD_USUARIO") 
  PCTFREE 10 INITRANS 2 MAXTRANS 255 COMPUTE STATISTICS 
  STORAGE(INITIAL 65536 NEXT 1048576 MINEXTENTS 1 MAXEXTENTS 2147483645
  PCTINCREASE 0 FREELISTS 1 FREELIST GROUPS 1 BUFFER_POOL DEFAULT FLASH_CACHE DEFAULT CELL_FLASH_CACHE DEFAULT)
  TABLESPACE "TS_CAMPUS" ;
--------------------------------------------------------
--  DDL for Index CONFIGURACIONES__IDX
--------------------------------------------------------

  CREATE UNIQUE INDEX "CAMPUS"."CONFIGURACIONES__IDX" ON "CAMPUS"."CONFIGURACIONES" ("COD_USUARIO") 
  PCTFREE 10 INITRANS 2 MAXTRANS 255 COMPUTE STATISTICS 
  STORAGE(INITIAL 65536 NEXT 1048576 MINEXTENTS 1 MAXEXTENTS 2147483645
  PCTINCREASE 0 FREELISTS 1 FREELIST GROUPS 1 BUFFER_POOL DEFAULT FLASH_CACHE DEFAULT CELL_FLASH_CACHE DEFAULT)
  TABLESPACE "TS_CAMPUS" ;
--------------------------------------------------------
--  DDL for Index Alumno PK
--------------------------------------------------------

  CREATE UNIQUE INDEX "CAMPUS"."Alumno PK" ON "CAMPUS"."USUARIOS" ("COD_USUARIO") 
  PCTFREE 10 INITRANS 2 MAXTRANS 255 COMPUTE STATISTICS 
  STORAGE(INITIAL 65536 NEXT 1048576 MINEXTENTS 1 MAXEXTENTS 2147483645
  PCTINCREASE 0 FREELISTS 1 FREELIST GROUPS 1 BUFFER_POOL DEFAULT FLASH_CACHE DEFAULT CELL_FLASH_CACHE DEFAULT)
  TABLESPACE "TS_CAMPUS" ;
--------------------------------------------------------
--  DDL for Index ROLES_USUARIOS__IDX
--------------------------------------------------------

  CREATE UNIQUE INDEX "CAMPUS"."ROLES_USUARIOS__IDX" ON "CAMPUS"."ROLES_USUARIOS" ("ROLES_COD_ROL", "USUARIOS_COD_USUARIO") 
  PCTFREE 10 INITRANS 2 MAXTRANS 255 COMPUTE STATISTICS 
  STORAGE(INITIAL 65536 NEXT 1048576 MINEXTENTS 1 MAXEXTENTS 2147483645
  PCTINCREASE 0 FREELISTS 1 FREELIST GROUPS 1 BUFFER_POOL DEFAULT FLASH_CACHE DEFAULT CELL_FLASH_CACHE DEFAULT)
  TABLESPACE "TS_CAMPUS" ;
--------------------------------------------------------
--  DDL for Index UsuarioXActiv PK
--------------------------------------------------------

  CREATE UNIQUE INDEX "CAMPUS"."UsuarioXActiv PK" ON "CAMPUS"."ENTREGAS" ("COD_ACTIVIDAD", "COD_ASIGNATURA", "COD_USUARIO") 
  PCTFREE 10 INITRANS 2 MAXTRANS 255 COMPUTE STATISTICS 
  STORAGE(INITIAL 65536 NEXT 1048576 MINEXTENTS 1 MAXEXTENTS 2147483645
  PCTINCREASE 0 FREELISTS 1 FREELIST GROUPS 1 BUFFER_POOL DEFAULT FLASH_CACHE DEFAULT CELL_FLASH_CACHE DEFAULT)
  TABLESPACE "TS_CAMPUS" ;
--------------------------------------------------------
--  DDL for Index TAREAS_PK
--------------------------------------------------------

  CREATE UNIQUE INDEX "CAMPUS"."TAREAS_PK" ON "CAMPUS"."TAREAS" ("ACTIVIDADES_COD_ACTIVIDAD", "ACTIVIDADES_COD_ASIGNATURA") 
  PCTFREE 10 INITRANS 2 MAXTRANS 255 COMPUTE STATISTICS 
  STORAGE(INITIAL 65536 NEXT 1048576 MINEXTENTS 1 MAXEXTENTS 2147483645
  PCTINCREASE 0 FREELISTS 1 FREELIST GROUPS 1 BUFFER_POOL DEFAULT FLASH_CACHE DEFAULT CELL_FLASH_CACHE DEFAULT)
  TABLESPACE "TS_CAMPUS" ;
--------------------------------------------------------
--  DDL for Index TITULACION_PK
--------------------------------------------------------

  CREATE UNIQUE INDEX "CAMPUS"."TITULACION_PK" ON "CAMPUS"."TITULACIONES" ("COD_TITULACION", "AÑO") 
  PCTFREE 10 INITRANS 2 MAXTRANS 255 COMPUTE STATISTICS 
  STORAGE(INITIAL 65536 NEXT 1048576 MINEXTENTS 1 MAXEXTENTS 2147483645
  PCTINCREASE 0 FREELISTS 1 FREELIST GROUPS 1 BUFFER_POOL DEFAULT FLASH_CACHE DEFAULT CELL_FLASH_CACHE DEFAULT)
  TABLESPACE "TS_CAMPUS" ;
--------------------------------------------------------
--  DDL for Index Grupo PK
--------------------------------------------------------

  CREATE UNIQUE INDEX "CAMPUS"."Grupo PK" ON "CAMPUS"."GRUPOS" ("COD_GRUPO") 
  PCTFREE 10 INITRANS 2 MAXTRANS 255 COMPUTE STATISTICS 
  STORAGE(INITIAL 65536 NEXT 1048576 MINEXTENTS 1 MAXEXTENTS 2147483645
  PCTINCREASE 0 FREELISTS 1 FREELIST GROUPS 1 BUFFER_POOL DEFAULT FLASH_CACHE DEFAULT CELL_FLASH_CACHE DEFAULT)
  TABLESPACE "TS_CAMPUS" ;
--------------------------------------------------------
--  DDL for Index TIPOS_CONTENIDOS PK
--------------------------------------------------------

  CREATE UNIQUE INDEX "CAMPUS"."TIPOS_CONTENIDOS PK" ON "CAMPUS"."TIPOS_CONTENIDOS" ("COD_TIPO") 
  PCTFREE 10 INITRANS 2 MAXTRANS 255 COMPUTE STATISTICS 
  STORAGE(INITIAL 65536 NEXT 1048576 MINEXTENTS 1 MAXEXTENTS 2147483645
  PCTINCREASE 0 FREELISTS 1 FREELIST GROUPS 1 BUFFER_POOL DEFAULT FLASH_CACHE DEFAULT CELL_FLASH_CACHE DEFAULT)
  TABLESPACE "TS_CAMPUS" ;
--------------------------------------------------------
--  DDL for Index MENSAJES PK
--------------------------------------------------------

  CREATE UNIQUE INDEX "CAMPUS"."MENSAJES PK" ON "CAMPUS"."MENSAJES" ("COD_MENSAJE") 
  PCTFREE 10 INITRANS 2 MAXTRANS 255 COMPUTE STATISTICS 
  STORAGE(INITIAL 65536 NEXT 1048576 MINEXTENTS 1 MAXEXTENTS 2147483645
  PCTINCREASE 0 FREELISTS 1 FREELIST GROUPS 1 BUFFER_POOL DEFAULT FLASH_CACHE DEFAULT CELL_FLASH_CACHE DEFAULT)
  TABLESPACE "TS_CAMPUS" ;
--------------------------------------------------------
--  DDL for Index DNI_UK
--------------------------------------------------------

  CREATE UNIQUE INDEX "CAMPUS"."DNI_UK" ON "CAMPUS"."USUARIOS" ("DNI") 
  PCTFREE 10 INITRANS 2 MAXTRANS 255 COMPUTE STATISTICS 
  STORAGE(INITIAL 65536 NEXT 1048576 MINEXTENTS 1 MAXEXTENTS 2147483645
  PCTINCREASE 0 FREELISTS 1 FREELIST GROUPS 1 BUFFER_POOL DEFAULT FLASH_CACHE DEFAULT CELL_FLASH_CACHE DEFAULT)
  TABLESPACE "TS_CAMPUS" ;
--------------------------------------------------------
--  DDL for Index CONFIGURACIONES PK
--------------------------------------------------------

  CREATE UNIQUE INDEX "CAMPUS"."CONFIGURACIONES PK" ON "CAMPUS"."CONFIGURACIONES" ("COD_CONFIGURACIÓN") 
  PCTFREE 10 INITRANS 2 MAXTRANS 255 COMPUTE STATISTICS 
  STORAGE(INITIAL 65536 NEXT 1048576 MINEXTENTS 1 MAXEXTENTS 2147483645
  PCTINCREASE 0 FREELISTS 1 FREELIST GROUPS 1 BUFFER_POOL DEFAULT FLASH_CACHE DEFAULT CELL_FLASH_CACHE DEFAULT)
  TABLESPACE "TS_CAMPUS" ;
--------------------------------------------------------
--  DDL for Index MIEMBROS_GRUPOS PK
--------------------------------------------------------

  CREATE UNIQUE INDEX "CAMPUS"."MIEMBROS_GRUPOS PK" ON "CAMPUS"."MATRICULA" ("COD_USUARIO", "COD_ASIGNATURA") 
  PCTFREE 10 INITRANS 2 MAXTRANS 255 COMPUTE STATISTICS 
  STORAGE(INITIAL 65536 NEXT 1048576 MINEXTENTS 1 MAXEXTENTS 2147483645
  PCTINCREASE 0 FREELISTS 1 FREELIST GROUPS 1 BUFFER_POOL DEFAULT FLASH_CACHE DEFAULT CELL_FLASH_CACHE DEFAULT)
  TABLESPACE "TS_CAMPUS" ;
--------------------------------------------------------
--  DDL for Index PREGUNTAS PK
--------------------------------------------------------

  CREATE UNIQUE INDEX "CAMPUS"."PREGUNTAS PK" ON "CAMPUS"."PREGUNTAS" ("COD_PREGUNTA") 
  PCTFREE 10 INITRANS 2 MAXTRANS 255 COMPUTE STATISTICS 
  STORAGE(INITIAL 65536 NEXT 1048576 MINEXTENTS 1 MAXEXTENTS 2147483645
  PCTINCREASE 0 FREELISTS 1 FREELIST GROUPS 1 BUFFER_POOL DEFAULT FLASH_CACHE DEFAULT CELL_FLASH_CACHE DEFAULT)
  TABLESPACE "TS_CAMPUS" ;
--------------------------------------------------------
--  Constraints for Table MENSAJES
--------------------------------------------------------

  ALTER TABLE "CAMPUS"."MENSAJES" ADD CONSTRAINT "MENSAJES PK" PRIMARY KEY ("COD_MENSAJE")
  USING INDEX PCTFREE 10 INITRANS 2 MAXTRANS 255 COMPUTE STATISTICS 
  STORAGE(INITIAL 65536 NEXT 1048576 MINEXTENTS 1 MAXEXTENTS 2147483645
  PCTINCREASE 0 FREELISTS 1 FREELIST GROUPS 1 BUFFER_POOL DEFAULT FLASH_CACHE DEFAULT CELL_FLASH_CACHE DEFAULT)
  TABLESPACE "TS_CAMPUS"  ENABLE;
 
  ALTER TABLE "CAMPUS"."MENSAJES" MODIFY ("COD_MENSAJE" NOT NULL ENABLE);
 
  ALTER TABLE "CAMPUS"."MENSAJES" MODIFY ("COD_ASIGNATURA" NOT NULL ENABLE);
 
  ALTER TABLE "CAMPUS"."MENSAJES" MODIFY ("COD_ACTIVIDAD" NOT NULL ENABLE);
 
  ALTER TABLE "CAMPUS"."MENSAJES" MODIFY ("COD_USUARIO" NOT NULL ENABLE);
 
  ALTER TABLE "CAMPUS"."MENSAJES" MODIFY ("FECHA" NOT NULL ENABLE);
 
  ALTER TABLE "CAMPUS"."MENSAJES" MODIFY ("TITULO" NOT NULL ENABLE);
 
  ALTER TABLE "CAMPUS"."MENSAJES" MODIFY ("CONTENIDO" NOT NULL ENABLE);
--------------------------------------------------------
--  Constraints for Table PREGUNTAS
--------------------------------------------------------

  ALTER TABLE "CAMPUS"."PREGUNTAS" ADD CONSTRAINT "PREGUNTAS PK" PRIMARY KEY ("COD_PREGUNTA")
  USING INDEX PCTFREE 10 INITRANS 2 MAXTRANS 255 COMPUTE STATISTICS 
  STORAGE(INITIAL 65536 NEXT 1048576 MINEXTENTS 1 MAXEXTENTS 2147483645
  PCTINCREASE 0 FREELISTS 1 FREELIST GROUPS 1 BUFFER_POOL DEFAULT FLASH_CACHE DEFAULT CELL_FLASH_CACHE DEFAULT)
  TABLESPACE "TS_CAMPUS"  ENABLE;
 
  ALTER TABLE "CAMPUS"."PREGUNTAS" MODIFY ("COD_PREGUNTA" NOT NULL ENABLE);
 
  ALTER TABLE "CAMPUS"."PREGUNTAS" MODIFY ("COD_ASIGNATURA" NOT NULL ENABLE);
 
  ALTER TABLE "CAMPUS"."PREGUNTAS" MODIFY ("COD_ACTIVIDAD" NOT NULL ENABLE);
 
  ALTER TABLE "CAMPUS"."PREGUNTAS" MODIFY ("TEXTO" NOT NULL ENABLE);
--------------------------------------------------------
--  Constraints for Table RESPUESTA
--------------------------------------------------------

  ALTER TABLE "CAMPUS"."RESPUESTA" ADD CONSTRAINT "PK_RESPUESTA" PRIMARY KEY ("COD_USUARIO", "COD_PREGUNTA")
  USING INDEX PCTFREE 10 INITRANS 2 MAXTRANS 255 COMPUTE STATISTICS 
  STORAGE(INITIAL 65536 NEXT 1048576 MINEXTENTS 1 MAXEXTENTS 2147483645
  PCTINCREASE 0 FREELISTS 1 FREELIST GROUPS 1 BUFFER_POOL DEFAULT FLASH_CACHE DEFAULT CELL_FLASH_CACHE DEFAULT)
  TABLESPACE "TS_CAMPUS"  ENABLE;
 
  ALTER TABLE "CAMPUS"."RESPUESTA" MODIFY ("COD_USUARIO" NOT NULL ENABLE);
 
  ALTER TABLE "CAMPUS"."RESPUESTA" MODIFY ("COD_PREGUNTA" NOT NULL ENABLE);
--------------------------------------------------------
--  Constraints for Table DOCUMENTOS
--------------------------------------------------------

  ALTER TABLE "CAMPUS"."DOCUMENTOS" ADD CONSTRAINT "Documento PK" PRIMARY KEY ("COD_DOC", "COD_USUARIO")
  USING INDEX PCTFREE 10 INITRANS 2 MAXTRANS 255 COMPUTE STATISTICS 
  STORAGE(INITIAL 65536 NEXT 1048576 MINEXTENTS 1 MAXEXTENTS 2147483645
  PCTINCREASE 0 FREELISTS 1 FREELIST GROUPS 1 BUFFER_POOL DEFAULT FLASH_CACHE DEFAULT CELL_FLASH_CACHE DEFAULT)
  TABLESPACE "TS_CAMPUS"  ENABLE;
 
  ALTER TABLE "CAMPUS"."DOCUMENTOS" MODIFY ("COD_DOC" NOT NULL ENABLE);
 
  ALTER TABLE "CAMPUS"."DOCUMENTOS" MODIFY ("COD_USUARIO" NOT NULL ENABLE);
 
  ALTER TABLE "CAMPUS"."DOCUMENTOS" MODIFY ("DIRECTORIO" NOT NULL ENABLE);
 
  ALTER TABLE "CAMPUS"."DOCUMENTOS" MODIFY ("NOMBRE" NOT NULL ENABLE);
 
  ALTER TABLE "CAMPUS"."DOCUMENTOS" MODIFY ("TAMAÑO" NOT NULL ENABLE);
 
  ALTER TABLE "CAMPUS"."DOCUMENTOS" MODIFY ("FECHA_CREADO" NOT NULL ENABLE);
--------------------------------------------------------
--  Constraints for Table ASIGNATURAS
--------------------------------------------------------

  ALTER TABLE "CAMPUS"."ASIGNATURAS" ADD CONSTRAINT "Asignatura PK" PRIMARY KEY ("COD_ASIGNATURA")
  USING INDEX PCTFREE 10 INITRANS 2 MAXTRANS 255 COMPUTE STATISTICS 
  STORAGE(INITIAL 65536 NEXT 1048576 MINEXTENTS 1 MAXEXTENTS 2147483645
  PCTINCREASE 0 FREELISTS 1 FREELIST GROUPS 1 BUFFER_POOL DEFAULT FLASH_CACHE DEFAULT CELL_FLASH_CACHE DEFAULT)
  TABLESPACE "TS_CAMPUS"  ENABLE;
 
  ALTER TABLE "CAMPUS"."ASIGNATURAS" MODIFY ("COD_ASIGNATURA" NOT NULL ENABLE);
 
  ALTER TABLE "CAMPUS"."ASIGNATURAS" MODIFY ("COD_TITULACION" NOT NULL ENABLE);
 
  ALTER TABLE "CAMPUS"."ASIGNATURAS" MODIFY ("AÑO" NOT NULL ENABLE);
 
  ALTER TABLE "CAMPUS"."ASIGNATURAS" MODIFY ("NOMBRE" NOT NULL ENABLE);
 
  ALTER TABLE "CAMPUS"."ASIGNATURAS" MODIFY ("IDIOMA" NOT NULL ENABLE);
--------------------------------------------------------
--  Constraints for Table CENTROS
--------------------------------------------------------

  ALTER TABLE "CAMPUS"."CENTROS" ADD CONSTRAINT "CENTRO_PK" PRIMARY KEY ("COD_CENTRO")
  USING INDEX PCTFREE 10 INITRANS 2 MAXTRANS 255 COMPUTE STATISTICS 
  STORAGE(INITIAL 65536 NEXT 1048576 MINEXTENTS 1 MAXEXTENTS 2147483645
  PCTINCREASE 0 FREELISTS 1 FREELIST GROUPS 1 BUFFER_POOL DEFAULT FLASH_CACHE DEFAULT CELL_FLASH_CACHE DEFAULT)
  TABLESPACE "TS_CAMPUS"  ENABLE;
 
  ALTER TABLE "CAMPUS"."CENTROS" MODIFY ("COD_CENTRO" NOT NULL ENABLE);
 
  ALTER TABLE "CAMPUS"."CENTROS" MODIFY ("NOMBRE" NOT NULL ENABLE);
--------------------------------------------------------
--  Constraints for Table GRUPOS
--------------------------------------------------------

  ALTER TABLE "CAMPUS"."GRUPOS" ADD CONSTRAINT "Grupo PK" PRIMARY KEY ("COD_GRUPO")
  USING INDEX PCTFREE 10 INITRANS 2 MAXTRANS 255 COMPUTE STATISTICS 
  STORAGE(INITIAL 65536 NEXT 1048576 MINEXTENTS 1 MAXEXTENTS 2147483645
  PCTINCREASE 0 FREELISTS 1 FREELIST GROUPS 1 BUFFER_POOL DEFAULT FLASH_CACHE DEFAULT CELL_FLASH_CACHE DEFAULT)
  TABLESPACE "TS_CAMPUS"  ENABLE;
 
  ALTER TABLE "CAMPUS"."GRUPOS" MODIFY ("COD_GRUPO" NOT NULL ENABLE);
 
  ALTER TABLE "CAMPUS"."GRUPOS" MODIFY ("NOMBRE" NOT NULL ENABLE);
--------------------------------------------------------
--  Constraints for Table CUESTIONARIOS
--------------------------------------------------------

  ALTER TABLE "CAMPUS"."CUESTIONARIOS" ADD CONSTRAINT "CUESTIONARIOS_PK" PRIMARY KEY ("ACTIVIDADES_COD_ACTIVIDAD", "ACTIVIDADES_COD_ASIGNATURA")
  USING INDEX PCTFREE 10 INITRANS 2 MAXTRANS 255 COMPUTE STATISTICS 
  STORAGE(INITIAL 65536 NEXT 1048576 MINEXTENTS 1 MAXEXTENTS 2147483645
  PCTINCREASE 0 FREELISTS 1 FREELIST GROUPS 1 BUFFER_POOL DEFAULT FLASH_CACHE DEFAULT CELL_FLASH_CACHE DEFAULT)
  TABLESPACE "TS_CAMPUS"  ENABLE;
 
  ALTER TABLE "CAMPUS"."CUESTIONARIOS" MODIFY ("ACTIVIDADES_COD_ACTIVIDAD" NOT NULL ENABLE);
 
  ALTER TABLE "CAMPUS"."CUESTIONARIOS" MODIFY ("ACTIVIDADES_COD_ASIGNATURA" NOT NULL ENABLE);
--------------------------------------------------------
--  Constraints for Table TIPOS_CONTENIDOS
--------------------------------------------------------

  ALTER TABLE "CAMPUS"."TIPOS_CONTENIDOS" MODIFY ("COD_TIPO" NOT NULL ENABLE);
 
  ALTER TABLE "CAMPUS"."TIPOS_CONTENIDOS" MODIFY ("NOMBRE" NOT NULL ENABLE);
 
  ALTER TABLE "CAMPUS"."TIPOS_CONTENIDOS" ADD CONSTRAINT "TIPOS_CONTENIDOS PK" PRIMARY KEY ("COD_TIPO")
  USING INDEX PCTFREE 10 INITRANS 2 MAXTRANS 255 COMPUTE STATISTICS 
  STORAGE(INITIAL 65536 NEXT 1048576 MINEXTENTS 1 MAXEXTENTS 2147483645
  PCTINCREASE 0 FREELISTS 1 FREELIST GROUPS 1 BUFFER_POOL DEFAULT FLASH_CACHE DEFAULT CELL_FLASH_CACHE DEFAULT)
  TABLESPACE "TS_CAMPUS"  ENABLE;
--------------------------------------------------------
--  Constraints for Table DIARIOS
--------------------------------------------------------

  ALTER TABLE "CAMPUS"."DIARIOS" ADD CONSTRAINT "DIARIOS_PK" PRIMARY KEY ("ACTIVIDADES_COD_ACTIVIDAD", "ACTIVIDADES_COD_ASIGNATURA")
  USING INDEX PCTFREE 10 INITRANS 2 MAXTRANS 255 COMPUTE STATISTICS 
  STORAGE(INITIAL 65536 NEXT 1048576 MINEXTENTS 1 MAXEXTENTS 2147483645
  PCTINCREASE 0 FREELISTS 1 FREELIST GROUPS 1 BUFFER_POOL DEFAULT FLASH_CACHE DEFAULT CELL_FLASH_CACHE DEFAULT)
  TABLESPACE "TS_CAMPUS"  ENABLE;
 
  ALTER TABLE "CAMPUS"."DIARIOS" MODIFY ("ACTIVIDADES_COD_ACTIVIDAD" NOT NULL ENABLE);
 
  ALTER TABLE "CAMPUS"."DIARIOS" MODIFY ("ACTIVIDADES_COD_ASIGNATURA" NOT NULL ENABLE);
--------------------------------------------------------
--  Constraints for Table ACTIVIDADES
--------------------------------------------------------

  ALTER TABLE "CAMPUS"."ACTIVIDADES" ADD CONSTRAINT "Actividad PK" PRIMARY KEY ("COD_ACTIVIDAD", "COD_ASIGNATURA")
  USING INDEX PCTFREE 10 INITRANS 2 MAXTRANS 255 COMPUTE STATISTICS 
  STORAGE(INITIAL 65536 NEXT 1048576 MINEXTENTS 1 MAXEXTENTS 2147483645
  PCTINCREASE 0 FREELISTS 1 FREELIST GROUPS 1 BUFFER_POOL DEFAULT FLASH_CACHE DEFAULT CELL_FLASH_CACHE DEFAULT)
  TABLESPACE "TS_CAMPUS"  ENABLE;
 
  ALTER TABLE "CAMPUS"."ACTIVIDADES" MODIFY ("COD_ACTIVIDAD" NOT NULL ENABLE);
 
  ALTER TABLE "CAMPUS"."ACTIVIDADES" MODIFY ("COD_ASIGNATURA" NOT NULL ENABLE);
 
  ALTER TABLE "CAMPUS"."ACTIVIDADES" MODIFY ("NOMBRE" NOT NULL ENABLE);
 
  ALTER TABLE "CAMPUS"."ACTIVIDADES" MODIFY ("FECHA_INICIO" NOT NULL ENABLE);
 
  ALTER TABLE "CAMPUS"."ACTIVIDADES" MODIFY ("TEMA" NOT NULL ENABLE);
 
  ALTER TABLE "CAMPUS"."ACTIVIDADES" MODIFY ("ORDEN_VERTICAL" NOT NULL ENABLE);
 
  ALTER TABLE "CAMPUS"."ACTIVIDADES" MODIFY ("ORDEN_HORIZONTAL" NOT NULL ENABLE);
 
  ALTER TABLE "CAMPUS"."ACTIVIDADES" MODIFY ("VISIBLE" NOT NULL ENABLE);
--------------------------------------------------------
--  Constraints for Table TAREAS
--------------------------------------------------------

  ALTER TABLE "CAMPUS"."TAREAS" MODIFY ("DESCRIPCION" NOT NULL ENABLE);
 
  ALTER TABLE "CAMPUS"."TAREAS" MODIFY ("ACTIVIDADES_COD_ACTIVIDAD" NOT NULL ENABLE);
 
  ALTER TABLE "CAMPUS"."TAREAS" MODIFY ("ACTIVIDADES_COD_ASIGNATURA" NOT NULL ENABLE);
 
  ALTER TABLE "CAMPUS"."TAREAS" ADD CONSTRAINT "TAREAS_PK" PRIMARY KEY ("ACTIVIDADES_COD_ACTIVIDAD", "ACTIVIDADES_COD_ASIGNATURA")
  USING INDEX PCTFREE 10 INITRANS 2 MAXTRANS 255 COMPUTE STATISTICS 
  STORAGE(INITIAL 65536 NEXT 1048576 MINEXTENTS 1 MAXEXTENTS 2147483645
  PCTINCREASE 0 FREELISTS 1 FREELIST GROUPS 1 BUFFER_POOL DEFAULT FLASH_CACHE DEFAULT CELL_FLASH_CACHE DEFAULT)
  TABLESPACE "TS_CAMPUS"  ENABLE;
--------------------------------------------------------
--  Constraints for Table FOROS
--------------------------------------------------------

  ALTER TABLE "CAMPUS"."FOROS" ADD CONSTRAINT "FOROS_PK" PRIMARY KEY ("ACTIVIDADES_COD_ACTIVIDAD", "ACTIVIDADES_COD_ASIGNATURA")
  USING INDEX PCTFREE 10 INITRANS 2 MAXTRANS 255 COMPUTE STATISTICS 
  STORAGE(INITIAL 65536 NEXT 1048576 MINEXTENTS 1 MAXEXTENTS 2147483645
  PCTINCREASE 0 FREELISTS 1 FREELIST GROUPS 1 BUFFER_POOL DEFAULT FLASH_CACHE DEFAULT CELL_FLASH_CACHE DEFAULT)
  TABLESPACE "TS_CAMPUS"  ENABLE;
 
  ALTER TABLE "CAMPUS"."FOROS" MODIFY ("TITULO" NOT NULL ENABLE);
 
  ALTER TABLE "CAMPUS"."FOROS" MODIFY ("VISIBILIDAD_FORO" NOT NULL ENABLE);
 
  ALTER TABLE "CAMPUS"."FOROS" MODIFY ("ACTIVIDADES_COD_ACTIVIDAD" NOT NULL ENABLE);
 
  ALTER TABLE "CAMPUS"."FOROS" MODIFY ("ACTIVIDADES_COD_ASIGNATURA" NOT NULL ENABLE);
--------------------------------------------------------
--  Constraints for Table MATRICULA
--------------------------------------------------------

  ALTER TABLE "CAMPUS"."MATRICULA" ADD CONSTRAINT "ASIGNATURA_USUARIO UK" UNIQUE ("COD_ASIGNATURA", "COD_USUARIO")
  USING INDEX PCTFREE 10 INITRANS 2 MAXTRANS 255 COMPUTE STATISTICS 
  STORAGE(INITIAL 65536 NEXT 1048576 MINEXTENTS 1 MAXEXTENTS 2147483645
  PCTINCREASE 0 FREELISTS 1 FREELIST GROUPS 1 BUFFER_POOL DEFAULT FLASH_CACHE DEFAULT CELL_FLASH_CACHE DEFAULT)
  TABLESPACE "TS_CAMPUS"  ENABLE;
 
  ALTER TABLE "CAMPUS"."MATRICULA" ADD CONSTRAINT "CALIFICACION_CK" CHECK (CALIFICACION IN ('NO PRESENTADO','SUSPENSO', 'APROBADO','NOTABLE','SOBRESALIENTE','MATRICULA DE HONOR')) ENABLE;
 
  ALTER TABLE "CAMPUS"."MATRICULA" ADD CONSTRAINT "MIEMBROS_GRUPOS PK" PRIMARY KEY ("COD_USUARIO", "COD_ASIGNATURA")
  USING INDEX PCTFREE 10 INITRANS 2 MAXTRANS 255 COMPUTE STATISTICS 
  STORAGE(INITIAL 65536 NEXT 1048576 MINEXTENTS 1 MAXEXTENTS 2147483645
  PCTINCREASE 0 FREELISTS 1 FREELIST GROUPS 1 BUFFER_POOL DEFAULT FLASH_CACHE DEFAULT CELL_FLASH_CACHE DEFAULT)
  TABLESPACE "TS_CAMPUS"  ENABLE;
 
  ALTER TABLE "CAMPUS"."MATRICULA" MODIFY ("COD_USUARIO" NOT NULL ENABLE);
 
  ALTER TABLE "CAMPUS"."MATRICULA" MODIFY ("COD_ASIGNATURA" NOT NULL ENABLE);
--------------------------------------------------------
--  Constraints for Table ENTREGAS
--------------------------------------------------------

  ALTER TABLE "CAMPUS"."ENTREGAS" MODIFY ("COD_ASIGNATURA" NOT NULL ENABLE);
 
  ALTER TABLE "CAMPUS"."ENTREGAS" MODIFY ("COD_ACTIVIDAD" NOT NULL ENABLE);
 
  ALTER TABLE "CAMPUS"."ENTREGAS" MODIFY ("COD_USUARIO" NOT NULL ENABLE);
 
  ALTER TABLE "CAMPUS"."ENTREGAS" ADD CONSTRAINT "UsuarioXActiv PK" PRIMARY KEY ("COD_ACTIVIDAD", "COD_ASIGNATURA", "COD_USUARIO")
  USING INDEX PCTFREE 10 INITRANS 2 MAXTRANS 255 COMPUTE STATISTICS 
  STORAGE(INITIAL 65536 NEXT 1048576 MINEXTENTS 1 MAXEXTENTS 2147483645
  PCTINCREASE 0 FREELISTS 1 FREELIST GROUPS 1 BUFFER_POOL DEFAULT FLASH_CACHE DEFAULT CELL_FLASH_CACHE DEFAULT)
  TABLESPACE "TS_CAMPUS"  ENABLE;
--------------------------------------------------------
--  Constraints for Table REGISTROS
--------------------------------------------------------

  ALTER TABLE "CAMPUS"."REGISTROS" ADD CONSTRAINT "REGISTROS PK" PRIMARY KEY ("COD_REGISTRO")
  USING INDEX PCTFREE 10 INITRANS 2 MAXTRANS 255 COMPUTE STATISTICS 
  STORAGE(INITIAL 65536 NEXT 1048576 MINEXTENTS 1 MAXEXTENTS 2147483645
  PCTINCREASE 0 FREELISTS 1 FREELIST GROUPS 1 BUFFER_POOL DEFAULT FLASH_CACHE DEFAULT CELL_FLASH_CACHE DEFAULT)
  TABLESPACE "TS_CAMPUS"  ENABLE;
 
  ALTER TABLE "CAMPUS"."REGISTROS" MODIFY ("COD_REGISTRO" NOT NULL ENABLE);
 
  ALTER TABLE "CAMPUS"."REGISTROS" MODIFY ("COD_USUARIO" NOT NULL ENABLE);
 
  ALTER TABLE "CAMPUS"."REGISTROS" MODIFY ("COD_ASIGNATURA" NOT NULL ENABLE);
 
  ALTER TABLE "CAMPUS"."REGISTROS" MODIFY ("COD_ACTIVIDAD" NOT NULL ENABLE);
 
  ALTER TABLE "CAMPUS"."REGISTROS" MODIFY ("ACCION" NOT NULL ENABLE);
 
  ALTER TABLE "CAMPUS"."REGISTROS" MODIFY ("FECHA" NOT NULL ENABLE);
--------------------------------------------------------
--  Constraints for Table CONFIGURACIONES
--------------------------------------------------------

  ALTER TABLE "CAMPUS"."CONFIGURACIONES" ADD CONSTRAINT "CONFIGURACIONES PK" PRIMARY KEY ("COD_CONFIGURACIÓN")
  USING INDEX PCTFREE 10 INITRANS 2 MAXTRANS 255 COMPUTE STATISTICS 
  STORAGE(INITIAL 65536 NEXT 1048576 MINEXTENTS 1 MAXEXTENTS 2147483645
  PCTINCREASE 0 FREELISTS 1 FREELIST GROUPS 1 BUFFER_POOL DEFAULT FLASH_CACHE DEFAULT CELL_FLASH_CACHE DEFAULT)
  TABLESPACE "TS_CAMPUS"  ENABLE;
 
  ALTER TABLE "CAMPUS"."CONFIGURACIONES" MODIFY ("COD_CONFIGURACIÓN" NOT NULL ENABLE);
 
  ALTER TABLE "CAMPUS"."CONFIGURACIONES" MODIFY ("COD_USUARIO" NOT NULL ENABLE);
 
  ALTER TABLE "CAMPUS"."CONFIGURACIONES" MODIFY ("EMAIL_MOSTRAR" NOT NULL ENABLE);
 
  ALTER TABLE "CAMPUS"."CONFIGURACIONES" MODIFY ("EMAIL_ACTIVADO" NOT NULL ENABLE);
 
  ALTER TABLE "CAMPUS"."CONFIGURACIONES" MODIFY ("EMAIL_FORMATO" NOT NULL ENABLE);
 
  ALTER TABLE "CAMPUS"."CONFIGURACIONES" MODIFY ("EMAIL_RESUMEN" NOT NULL ENABLE);
 
  ALTER TABLE "CAMPUS"."CONFIGURACIONES" MODIFY ("FORO_SUSCRIPCION" NOT NULL ENABLE);
 
  ALTER TABLE "CAMPUS"."CONFIGURACIONES" MODIFY ("FORO_SEGUIMIENTO" NOT NULL ENABLE);
 
  ALTER TABLE "CAMPUS"."CONFIGURACIONES" MODIFY ("EDITOR_TEXTO" NOT NULL ENABLE);
 
  ALTER TABLE "CAMPUS"."CONFIGURACIONES" MODIFY ("JAVASCRIPT" NOT NULL ENABLE);
 
  ALTER TABLE "CAMPUS"."CONFIGURACIONES" MODIFY ("LECTOR_PANTALLA" NOT NULL ENABLE);
 
  ALTER TABLE "CAMPUS"."CONFIGURACIONES" MODIFY ("ZONA_HORARIA" NOT NULL ENABLE);
 
  ALTER TABLE "CAMPUS"."CONFIGURACIONES" MODIFY ("IDIOMA" NOT NULL ENABLE);
 
  ALTER TABLE "CAMPUS"."CONFIGURACIONES" MODIFY ("MOSTRAR_FOTO" NOT NULL ENABLE);
--------------------------------------------------------
--  Constraints for Table ROLES_USUARIOS
--------------------------------------------------------

  ALTER TABLE "CAMPUS"."ROLES_USUARIOS" ADD CONSTRAINT "ROLES_USUARIOS__IDX" PRIMARY KEY ("ROLES_COD_ROL", "USUARIOS_COD_USUARIO")
  USING INDEX PCTFREE 10 INITRANS 2 MAXTRANS 255 COMPUTE STATISTICS 
  STORAGE(INITIAL 65536 NEXT 1048576 MINEXTENTS 1 MAXEXTENTS 2147483645
  PCTINCREASE 0 FREELISTS 1 FREELIST GROUPS 1 BUFFER_POOL DEFAULT FLASH_CACHE DEFAULT CELL_FLASH_CACHE DEFAULT)
  TABLESPACE "TS_CAMPUS"  ENABLE;
 
  ALTER TABLE "CAMPUS"."ROLES_USUARIOS" MODIFY ("ROLES_COD_ROL" NOT NULL ENABLE);
 
  ALTER TABLE "CAMPUS"."ROLES_USUARIOS" MODIFY ("USUARIOS_COD_USUARIO" NOT NULL ENABLE);
--------------------------------------------------------
--  Constraints for Table TITULACIONES
--------------------------------------------------------

  ALTER TABLE "CAMPUS"."TITULACIONES" MODIFY ("COD_TITULACION" NOT NULL ENABLE);
 
  ALTER TABLE "CAMPUS"."TITULACIONES" MODIFY ("COD_CENTRO" NOT NULL ENABLE);
 
  ALTER TABLE "CAMPUS"."TITULACIONES" MODIFY ("NOMBRE" NOT NULL ENABLE);
 
  ALTER TABLE "CAMPUS"."TITULACIONES" MODIFY ("AÑO" NOT NULL ENABLE);
 
  ALTER TABLE "CAMPUS"."TITULACIONES" ADD CONSTRAINT "TITULACION_PK" PRIMARY KEY ("COD_TITULACION", "AÑO")
  USING INDEX PCTFREE 10 INITRANS 2 MAXTRANS 255 COMPUTE STATISTICS 
  STORAGE(INITIAL 65536 NEXT 1048576 MINEXTENTS 1 MAXEXTENTS 2147483645
  PCTINCREASE 0 FREELISTS 1 FREELIST GROUPS 1 BUFFER_POOL DEFAULT FLASH_CACHE DEFAULT CELL_FLASH_CACHE DEFAULT)
  TABLESPACE "TS_CAMPUS"  ENABLE;
--------------------------------------------------------
--  Constraints for Table ROLES
--------------------------------------------------------

  ALTER TABLE "CAMPUS"."ROLES" ADD CONSTRAINT "Rol PK" PRIMARY KEY ("COD_ROL")
  USING INDEX PCTFREE 10 INITRANS 2 MAXTRANS 255 COMPUTE STATISTICS 
  STORAGE(INITIAL 65536 NEXT 1048576 MINEXTENTS 1 MAXEXTENTS 2147483645
  PCTINCREASE 0 FREELISTS 1 FREELIST GROUPS 1 BUFFER_POOL DEFAULT FLASH_CACHE DEFAULT CELL_FLASH_CACHE DEFAULT)
  TABLESPACE "TS_CAMPUS"  ENABLE;
 
  ALTER TABLE "CAMPUS"."ROLES" MODIFY ("COD_ROL" NOT NULL ENABLE);
 
  ALTER TABLE "CAMPUS"."ROLES" MODIFY ("NOMBRE" NOT NULL ENABLE);
 
  ALTER TABLE "CAMPUS"."ROLES" MODIFY ("DESCRIPCIÓN" NOT NULL ENABLE);
--------------------------------------------------------
--  Constraints for Table CONTENIDOS
--------------------------------------------------------

  ALTER TABLE "CAMPUS"."CONTENIDOS" ADD CONSTRAINT "Entrada PK" PRIMARY KEY ("COD_ENTRADA", "COD_ASIGNATURA", "COD_TIPO")
  USING INDEX PCTFREE 10 INITRANS 2 MAXTRANS 255 COMPUTE STATISTICS 
  STORAGE(INITIAL 65536 NEXT 1048576 MINEXTENTS 1 MAXEXTENTS 2147483645
  PCTINCREASE 0 FREELISTS 1 FREELIST GROUPS 1 BUFFER_POOL DEFAULT FLASH_CACHE DEFAULT CELL_FLASH_CACHE DEFAULT)
  TABLESPACE "TS_CAMPUS"  ENABLE;
 
  ALTER TABLE "CAMPUS"."CONTENIDOS" MODIFY ("COD_ASIGNATURA" NOT NULL ENABLE);
 
  ALTER TABLE "CAMPUS"."CONTENIDOS" MODIFY ("COD_ENTRADA" NOT NULL ENABLE);
 
  ALTER TABLE "CAMPUS"."CONTENIDOS" MODIFY ("COD_TIPO" NOT NULL ENABLE);
 
  ALTER TABLE "CAMPUS"."CONTENIDOS" MODIFY ("NOMBRE" NOT NULL ENABLE);
 
  ALTER TABLE "CAMPUS"."CONTENIDOS" MODIFY ("TEMA" NOT NULL ENABLE);
 
  ALTER TABLE "CAMPUS"."CONTENIDOS" MODIFY ("ORDEN_VERTICAL" NOT NULL ENABLE);
 
  ALTER TABLE "CAMPUS"."CONTENIDOS" MODIFY ("ORDEN_HORIZONTAL" NOT NULL ENABLE);
 
  ALTER TABLE "CAMPUS"."CONTENIDOS" MODIFY ("VISIBLE" NOT NULL ENABLE);
--------------------------------------------------------
--  Constraints for Table USUARIOS
--------------------------------------------------------

  ALTER TABLE "CAMPUS"."USUARIOS" ADD CONSTRAINT "Alumno PK" PRIMARY KEY ("COD_USUARIO")
  USING INDEX PCTFREE 10 INITRANS 2 MAXTRANS 255 COMPUTE STATISTICS 
  STORAGE(INITIAL 65536 NEXT 1048576 MINEXTENTS 1 MAXEXTENTS 2147483645
  PCTINCREASE 0 FREELISTS 1 FREELIST GROUPS 1 BUFFER_POOL DEFAULT FLASH_CACHE DEFAULT CELL_FLASH_CACHE DEFAULT)
  TABLESPACE "TS_CAMPUS"  ENABLE;
 
  ALTER TABLE "CAMPUS"."USUARIOS" ADD CONSTRAINT "DNI_UK" UNIQUE ("DNI")
  USING INDEX PCTFREE 10 INITRANS 2 MAXTRANS 255 COMPUTE STATISTICS 
  STORAGE(INITIAL 65536 NEXT 1048576 MINEXTENTS 1 MAXEXTENTS 2147483645
  PCTINCREASE 0 FREELISTS 1 FREELIST GROUPS 1 BUFFER_POOL DEFAULT FLASH_CACHE DEFAULT CELL_FLASH_CACHE DEFAULT)
  TABLESPACE "TS_CAMPUS"  ENABLE;
 
  ALTER TABLE "CAMPUS"."USUARIOS" ADD CONSTRAINT "EMAIL_UK" UNIQUE ("EMAIL")
  USING INDEX PCTFREE 10 INITRANS 2 MAXTRANS 255 COMPUTE STATISTICS 
  STORAGE(INITIAL 65536 NEXT 1048576 MINEXTENTS 1 MAXEXTENTS 2147483645
  PCTINCREASE 0 FREELISTS 1 FREELIST GROUPS 1 BUFFER_POOL DEFAULT FLASH_CACHE DEFAULT CELL_FLASH_CACHE DEFAULT)
  TABLESPACE "TS_CAMPUS"  ENABLE;
 
  ALTER TABLE "CAMPUS"."USUARIOS" MODIFY ("COD_USUARIO" NOT NULL ENABLE);
 
  ALTER TABLE "CAMPUS"."USUARIOS" MODIFY ("DNI" NOT NULL ENABLE);
 
  ALTER TABLE "CAMPUS"."USUARIOS" MODIFY ("NOMBRE" NOT NULL ENABLE);
 
  ALTER TABLE "CAMPUS"."USUARIOS" MODIFY ("APELLIDOS" NOT NULL ENABLE);
 
  ALTER TABLE "CAMPUS"."USUARIOS" MODIFY ("CIUDAD" NOT NULL ENABLE);
 
  ALTER TABLE "CAMPUS"."USUARIOS" MODIFY ("PAIS" NOT NULL ENABLE);
 
  ALTER TABLE "CAMPUS"."USUARIOS" MODIFY ("EMAIL" NOT NULL ENABLE);
--------------------------------------------------------
--  Ref Constraints for Table ACTIVIDADES
--------------------------------------------------------

  ALTER TABLE "CAMPUS"."ACTIVIDADES" ADD CONSTRAINT "RELATION_27" FOREIGN KEY ("COD_ASIGNATURA")
	  REFERENCES "CAMPUS"."ASIGNATURAS" ("COD_ASIGNATURA") ENABLE;
--------------------------------------------------------
--  Ref Constraints for Table ASIGNATURAS
--------------------------------------------------------

  ALTER TABLE "CAMPUS"."ASIGNATURAS" ADD CONSTRAINT "TITULACIONES_ASIGNATURAS" FOREIGN KEY ("COD_TITULACION", "AÑO")
	  REFERENCES "CAMPUS"."TITULACIONES" ("COD_TITULACION", "AÑO") ENABLE;
--------------------------------------------------------
--  Ref Constraints for Table CONFIGURACIONES
--------------------------------------------------------

  ALTER TABLE "CAMPUS"."CONFIGURACIONES" ADD CONSTRAINT "USUARIOS_CONF" FOREIGN KEY ("COD_USUARIO")
	  REFERENCES "CAMPUS"."USUARIOS" ("COD_USUARIO") ENABLE;
--------------------------------------------------------
--  Ref Constraints for Table CONTENIDOS
--------------------------------------------------------

  ALTER TABLE "CAMPUS"."CONTENIDOS" ADD CONSTRAINT "ASIGNATURAS_CONTENIDOS" FOREIGN KEY ("COD_ASIGNATURA")
	  REFERENCES "CAMPUS"."ASIGNATURAS" ("COD_ASIGNATURA") ENABLE;
 
  ALTER TABLE "CAMPUS"."CONTENIDOS" ADD CONSTRAINT "RELATION_23" FOREIGN KEY ("COD_TIPO")
	  REFERENCES "CAMPUS"."TIPOS_CONTENIDOS" ("COD_TIPO") ENABLE;
--------------------------------------------------------
--  Ref Constraints for Table CUESTIONARIOS
--------------------------------------------------------

  ALTER TABLE "CAMPUS"."CUESTIONARIOS" ADD CONSTRAINT "FK_ASS_62" FOREIGN KEY ("ACTIVIDADES_COD_ACTIVIDAD", "ACTIVIDADES_COD_ASIGNATURA")
	  REFERENCES "CAMPUS"."ACTIVIDADES" ("COD_ACTIVIDAD", "COD_ASIGNATURA") ENABLE;
--------------------------------------------------------
--  Ref Constraints for Table DIARIOS
--------------------------------------------------------

  ALTER TABLE "CAMPUS"."DIARIOS" ADD CONSTRAINT "FK_ASS_60" FOREIGN KEY ("ACTIVIDADES_COD_ACTIVIDAD", "ACTIVIDADES_COD_ASIGNATURA")
	  REFERENCES "CAMPUS"."ACTIVIDADES" ("COD_ACTIVIDAD", "COD_ASIGNATURA") ENABLE;
--------------------------------------------------------
--  Ref Constraints for Table DOCUMENTOS
--------------------------------------------------------

  ALTER TABLE "CAMPUS"."DOCUMENTOS" ADD CONSTRAINT "USUARIOS_DOCUMENTOS" FOREIGN KEY ("COD_USUARIO")
	  REFERENCES "CAMPUS"."USUARIOS" ("COD_USUARIO") ENABLE;
--------------------------------------------------------
--  Ref Constraints for Table ENTREGAS
--------------------------------------------------------

  ALTER TABLE "CAMPUS"."ENTREGAS" ADD CONSTRAINT "UA_ACTIVIDADES" FOREIGN KEY ("COD_ACTIVIDAD", "COD_ASIGNATURA")
	  REFERENCES "CAMPUS"."ACTIVIDADES" ("COD_ACTIVIDAD", "COD_ASIGNATURA") ENABLE;
 
  ALTER TABLE "CAMPUS"."ENTREGAS" ADD CONSTRAINT "UA_USUARIOS" FOREIGN KEY ("COD_USUARIO")
	  REFERENCES "CAMPUS"."USUARIOS" ("COD_USUARIO") ENABLE;
--------------------------------------------------------
--  Ref Constraints for Table FOROS
--------------------------------------------------------

  ALTER TABLE "CAMPUS"."FOROS" ADD CONSTRAINT "FK_ASS_63" FOREIGN KEY ("ACTIVIDADES_COD_ACTIVIDAD", "ACTIVIDADES_COD_ASIGNATURA")
	  REFERENCES "CAMPUS"."ACTIVIDADES" ("COD_ACTIVIDAD", "COD_ASIGNATURA") ENABLE;
--------------------------------------------------------
--  Ref Constraints for Table MATRICULA
--------------------------------------------------------

  ALTER TABLE "CAMPUS"."MATRICULA" ADD CONSTRAINT "ASIGNATURAS_MIEMBROS" FOREIGN KEY ("COD_ASIGNATURA")
	  REFERENCES "CAMPUS"."ASIGNATURAS" ("COD_ASIGNATURA") ENABLE;
 
  ALTER TABLE "CAMPUS"."MATRICULA" ADD CONSTRAINT "GRUPOS_MIEMBROS" FOREIGN KEY ("COD_GRUPO")
	  REFERENCES "CAMPUS"."GRUPOS" ("COD_GRUPO") ENABLE;
 
  ALTER TABLE "CAMPUS"."MATRICULA" ADD CONSTRAINT "USUARIOS_GRUPOS" FOREIGN KEY ("COD_USUARIO")
	  REFERENCES "CAMPUS"."USUARIOS" ("COD_USUARIO") ENABLE;
--------------------------------------------------------
--  Ref Constraints for Table MENSAJES
--------------------------------------------------------

  ALTER TABLE "CAMPUS"."MENSAJES" ADD CONSTRAINT "FOROS_MENSAJES" FOREIGN KEY ("COD_ACTIVIDAD", "COD_ASIGNATURA")
	  REFERENCES "CAMPUS"."FOROS" ("ACTIVIDADES_COD_ACTIVIDAD", "ACTIVIDADES_COD_ASIGNATURA") ENABLE;
 
  ALTER TABLE "CAMPUS"."MENSAJES" ADD CONSTRAINT "MENSAJES_PADRE" FOREIGN KEY ("COD_MENSAJE1")
	  REFERENCES "CAMPUS"."MENSAJES" ("COD_MENSAJE") ENABLE;
 
  ALTER TABLE "CAMPUS"."MENSAJES" ADD CONSTRAINT "USUARIOS_MENSAJES" FOREIGN KEY ("COD_USUARIO")
	  REFERENCES "CAMPUS"."USUARIOS" ("COD_USUARIO") ENABLE;
--------------------------------------------------------
--  Ref Constraints for Table PREGUNTAS
--------------------------------------------------------

  ALTER TABLE "CAMPUS"."PREGUNTAS" ADD CONSTRAINT "CUESTIONARIOS_PREGUNTAS" FOREIGN KEY ("COD_ACTIVIDAD", "COD_ASIGNATURA")
	  REFERENCES "CAMPUS"."CUESTIONARIOS" ("ACTIVIDADES_COD_ACTIVIDAD", "ACTIVIDADES_COD_ASIGNATURA") ENABLE;
--------------------------------------------------------
--  Ref Constraints for Table REGISTROS
--------------------------------------------------------

  ALTER TABLE "CAMPUS"."REGISTROS" ADD CONSTRAINT "ACTIVIDADES_REGISTROS" FOREIGN KEY ("COD_ACTIVIDAD", "COD_ASIGNATURA")
	  REFERENCES "CAMPUS"."ACTIVIDADES" ("COD_ACTIVIDAD", "COD_ASIGNATURA") ENABLE;
 
  ALTER TABLE "CAMPUS"."REGISTROS" ADD CONSTRAINT "USUARIOS_REGISTROS" FOREIGN KEY ("COD_USUARIO")
	  REFERENCES "CAMPUS"."USUARIOS" ("COD_USUARIO") ENABLE;
--------------------------------------------------------
--  Ref Constraints for Table RESPUESTA
--------------------------------------------------------

  ALTER TABLE "CAMPUS"."RESPUESTA" ADD CONSTRAINT "RELATION_28" FOREIGN KEY ("COD_PREGUNTA")
	  REFERENCES "CAMPUS"."PREGUNTAS" ("COD_PREGUNTA") ENABLE;
 
  ALTER TABLE "CAMPUS"."RESPUESTA" ADD CONSTRAINT "RELATION_29" FOREIGN KEY ("COD_USUARIO")
	  REFERENCES "CAMPUS"."USUARIOS" ("COD_USUARIO") ENABLE;
--------------------------------------------------------
--  Ref Constraints for Table ROLES_USUARIOS
--------------------------------------------------------

  ALTER TABLE "CAMPUS"."ROLES_USUARIOS" ADD CONSTRAINT "FK_ASS_72" FOREIGN KEY ("ROLES_COD_ROL")
	  REFERENCES "CAMPUS"."ROLES" ("COD_ROL") ON DELETE CASCADE ENABLE;
 
  ALTER TABLE "CAMPUS"."ROLES_USUARIOS" ADD CONSTRAINT "FK_ASS_73" FOREIGN KEY ("USUARIOS_COD_USUARIO")
	  REFERENCES "CAMPUS"."USUARIOS" ("COD_USUARIO") ON DELETE CASCADE ENABLE;
--------------------------------------------------------
--  Ref Constraints for Table TAREAS
--------------------------------------------------------

  ALTER TABLE "CAMPUS"."TAREAS" ADD CONSTRAINT "FK_ASS_61" FOREIGN KEY ("ACTIVIDADES_COD_ACTIVIDAD", "ACTIVIDADES_COD_ASIGNATURA")
	  REFERENCES "CAMPUS"."ACTIVIDADES" ("COD_ACTIVIDAD", "COD_ASIGNATURA") ENABLE;
--------------------------------------------------------
--  Ref Constraints for Table TITULACIONES
--------------------------------------------------------

  ALTER TABLE "CAMPUS"."TITULACIONES" ADD CONSTRAINT "CENTROS_TITULACIONES" FOREIGN KEY ("COD_CENTRO")
	  REFERENCES "CAMPUS"."CENTROS" ("COD_CENTRO") ENABLE;
--------------------------------------------------------
--  DDL for Trigger CONEXION_OFF
--------------------------------------------------------

  CREATE OR REPLACE TRIGGER "CAMPUS"."CONEXION_OFF" 
   BEFORE LOGOFF ON DATABASE
   BEGIN
   UPDATE CAMPUS.CONEXIONES 
   SET FIN = (SELECT SYSDATE FROM DUAL) WHERE SESIONID = (SYS_CONTEXT('USERENV','SESSIONID')) 
   AND USUARIO = (SYS_CONTEXT('USERENV','SESSION_USER')) 
   AND IP = (SYS_CONTEXT('USERENV','IP_ADDRESS')) 
   AND MAQUINA = (SYS_CONTEXT('USERENV','HOST'));
   END;
/
ALTER TRIGGER "CAMPUS"."CONEXION_OFF" ENABLE;
--------------------------------------------------------
--  DDL for Trigger CONEXION_ON
--------------------------------------------------------

  CREATE OR REPLACE TRIGGER "CAMPUS"."CONEXION_ON" 
   AFTER LOGON ON DATABASE 
   BEGIN INSERT INTO CAMPUS.CONEXIONES (SESIONID, USUARIO, IP, MAQUINA, INICIO)
   VALUES((SYS_CONTEXT('USERENV','SESSIONID')), (SYS_CONTEXT('USERENV','SESSION_USER')),
   (SYS_CONTEXT('USERENV','IP_ADDRESS')), (SYS_CONTEXT('USERENV','HOST')), (SYSDATE));
   END;
/
ALTER TRIGGER "CAMPUS"."CONEXION_ON" ENABLE;
--------------------------------------------------------
--  DDL for Procedure CONCEDE_PERMISOS
--------------------------------------------------------
set define off;

  CREATE OR REPLACE PROCEDURE "CAMPUS"."CONCEDE_PERMISOS" authid current_user  AS
CURSOR C1 is SELECT usuario,objeto,permiso,activo FROM V_PERMISOS order by fecha desc;
Vuser    v_permisos.usuario%Type;
Vobj     v_permisos.objeto%Type;
Vpermiso v_permisos.permiso%Type;
Vactivo  v_permisos.activo%Type;
Aux      varchar2(200);
Aux1     varchar2(200);
BEGIN
OPEN C1;
LOOP
FETCH C1 INTO Vuser,Vobj,Vpermiso,Vactivo;
EXIT WHEN C1%NOTFOUND;
  EXECUTE IMMEDIATE('select * from DBA_TAB_PRIVS where grantee like UPPER('||chr(39)||Vuser||chr(39)||') and privilege like UPPER('||chr(39)||Vpermiso||chr(39)||')') into aux;
IF((Aux is null) and (Vactivo = 1 )) THEN 
     Aux1 := 'GRANT '||Vpermiso||' ON '||Vobj||' TO '||Vuser;
     dbms_output.put_line(Aux1);
     EXECUTE IMMEDIATE(Aux1);
ELSIF ((Aux is not null) and (Vactivo = 0 )) THEN
      Aux1 := 'REVOKE '||Vpermiso||' ON '||Vobj||' FROM '||Vuser;
      dbms_output.put_line(Aux1);
      EXECUTE IMMEDIATE(Aux1);
END IF;
END LOOP;
CLOSE C1;
END;

/
--------------------------------------------------------
--  DDL for Procedure ORACLE_PROCEDURE
--------------------------------------------------------
set define off;

  CREATE OR REPLACE PROCEDURE "CAMPUS"."ORACLE_PROCEDURE" authid current_user as
   CURSOR C1 IS SELECT campus.usuarios.USUARIO_ORACLE, campus.usuarios.dni FROM campus.USUARIOS;
   Vnom campus.usuarios.usuario_oracle%Type;
   Vdni campus.usuarios.dni%Type;
   Aux  varchar2(100);
   statement varchar2(100);
   BEGIN
   OPEN C1;
   LOOP
   FETCH C1 INTO Vnom, Vdni;
   EXIT WHEN C1%NOTFOUND;
   IF(Vnom IS null)THEN
      aux := concat('ABD', Vdni);
      UPDATE campus.USUARIOS SET campus.usuarios.usuario_oracle =aux, campus.usuarios.clave_oracle = aux WHERE campus.usuarios.dni = Vdni;
      statement := 'CREATE USER '|| aux ||' IDENTIFIED BY '||aux;
      dbms_output.put_line(statement);
      EXECUTE IMMEDIATE statement;
      statement := 'GRANT R_ALUMNO TO '|| aux;
      dbms_output.put_line(statement);
      EXECUTE IMMEDIATE statement;  
   END IF;
   END LOOP;
   CLOSE C1;
   END;

/
